plot_type,plot_id,date,species,dbh,dieback,bld_present,percent_infected_bld,dominant_symptom_expression,remarks
Subplot,BP-1,2025,,,,,,,NONE
Subplot,BP-2,2025,,,,,,,NONE
Subplot,BW-1,2025,,,,,,,none
Subplot,BW-2,2025,,,,,,,none
Subplot,C-1,2025,ACSA,5.1,3,,,,
Subplot,C-1,2025,ACSA,6.1,2,,,,
Subplot,C-1,2025,ACSA,4.3,2,,,,
Subplot,C-1,2025,SNAG,2.9,8,,,,
Subplot,C-10,2025,ACSA,5,6,,,,
Subplot,C-10,2025,ACSA,3.8,2,,,,
Subplot,C-11,2025,,,,,,,NONE
Subplot,C-12,2025,ACSA,5.8,2,,,,
Subplot,C-12,2025,ACSA,6.3,2,,,,
Subplot,C-12,2025,ACSA,9,2,,,,
Subplot,C-12,2025,ACSA,3.2,2,,,,
Subplot,C-12,2025,ACSA,3.8,2,,,,
Subplot,C-13,2025,,,,,,,NONE
Subplot,C-14,2025,SNAG,1.2,7,,,,
Subplot,C-14,2025,SNAG,2.3,7,,,,
Subplot,C-14,2025,SNAG,2,7,,,,
Subplot,C-14,2025,ACSA,3.5,2,,,,
Subplot,C-14,2025,SNAG,1.6,7,,,,
Subplot,C-14,2025,ACSA,3.5,2,,,,
Subplot,C-14,2025,ACSA,4.7,2,,,,
Subplot,C-14,2025,ACSA,1.4,2,,,,
Subplot,C-14,2025,ACSA,2.5,2,,,,
Subplot,C-14,2025,ACSA,2.6,2,,,,
Subplot,C-14,2025,ACSA,2.5,2,,,,
Subplot,C-14,2025,ACSA,1.7,2,,,,
Subplot,C-14,2025,FAGR,9.4,6,Y,3,3,
Subplot,C-14,2025,ACSA,2.6,2,,,,
Subplot,C-14,2025,ACSA,3.2,2,,,,
Subplot,C-14,2025,ACSA,5.6,2,,,,
Subplot,C-14,2025,ACSA,3.4,2,,,,
Subplot,C-15,2025,,,,,,,NONE
Subplot,C-16,2025,ACSA,6.5,2,,,,
Subplot,C-16,2025,ACSA,1.7,2,,,,
Subplot,C-16,2025,ACSA,8.8,2,,,,
Subplot,C-16,2025,ACSA,2.3,2,,,,
Subplot,C-17,2025,FAGR,7.5,6,Y,4,4,attached
Subplot,C-17,2025,FAGR,1.7,6,Y,3,0,attached
Subplot,C-17,2025,FAGR,1.8,6,Y,3,4,
Subplot,C-17,2025,FAGR,7.3,6,Y,3,4,
Subplot,C-17,2025,FAGR,2.5,6,Y,1,0,
Subplot,C-17,2025,FAGR,6.4,6,Y,2,4,
Subplot,C-17,2025,FAGR,1,5,Y,3,2,
Subplot,C-17,2025,FAGR,1,6,Y,3,3,sprout from root
Subplot,C-17,2025,FAGR,4.3,5,Y,4,4,
Subplot,C-17,2025,SNAG,2.4,8,,,,
Subplot,C-2,2025,ACSA,1.7,2,,,,
Subplot,C-2,2025,ACSA,1.8,2,,,,
Subplot,C-2,2025,ACSA,2.4,2,,,,
Subplot,C-3,2025,ACSA,2.9,3,,,,
Subplot,C-4,2025,ACSA,3.4,2,,,,
Subplot,C-4,2025,ACA,1.6,2,,,,
Subplot,C-5,2025,ACSA,2.3,2,,,,
Subplot,C-5,2025,ACSA,4,2,,,,
Subplot,C-5,2025,ACSA,5.2,3,,,,
Subplot,CC-1,2025,ACSA,3.5,2,,,,
Subplot,CC-1,2025,FAGR,4.6,2,Y,1,0,
Subplot,CC-1,2025,ACSA,3.1,2,,,,
Subplot,CC-1,2025,ACSA,6.7,2,,,,
Subplot,CC-1,2025,SNAG,1,7,,,,
Subplot,CC-1,2025,FAGR,5.9,6,Y,1,0,
Subplot,CC-1,2025,SNAG,2.1,8,,,,
Subplot,CC-1,2025,ACSA,4.3,2,,,,
Subplot,CC-1,2025,ACSA,7.3,3,,,,
Subplot,CC-1,2025,ACSA,3,2,,,,
Subplot,CC-1,2025,ACSA,4.9,2,,,,
Subplot,CC-1,2025,FAGR,4.9,3,Y,2,1,
Subplot,CC-2,2025,FAGR,2.3,4,Y,3,3,
Subplot,CC-2,2025,FAGR,4.3,6,Y,3,2,
Subplot,CC-2,2025,FAGR,3.3,5,Y,3,3,
Subplot,CC-2,2025,FAGR,1.6,5,Y,2,2,
Subplot,DL-1,2025,FAGR,7.5,2,N,,,
Subplot,DL-1,2025,OSVI,1.4,2,,,,
Subplot,DL-1,2025,OSVI,5.6,4,,,,
Subplot,DL-2,2025,,,,,,,NONE
Subplot,GW-1,2025,FAGR,7.4,3,Y,1,2,
Subplot,GW-1,2025,FAGR,3.3,3,Y,1,2,
Subplot,GW-1,2025,ACSA,6,4,,,,
Subplot,GW-1,2025,ACSA,10.9,3,,,,
Subplot,GW-1,2025,ACSA,4.3,3,,,,
Subplot,GW-1,2025,SNAG,2,7,,,,
Subplot,HA-1,2025,,,,,,,NONE
Subplot,HA-2,2025,LINBEN,1.2,3,,,,
Subplot,HA-2,2025,LINBEN,1,4,,,,
Subplot,HA-3,2025,PRSE,6.9,4,,,,
Subplot,HH-1,2025,FAGR,7.7,5,Y,3,2,
Subplot,HH-1,2025,FAGR,8,5,Y,3,2,
Subplot,HH-1,2025,FAGR,7.6,5,Y,3,2,
Subplot,HH-1,2025,FAGR,2.1,6,Y,3,2,lots of necrosis and dead leaves
Subplot,HR-1,2025,SNAG,0.8,7,,,,"FAGR, beech"
Subplot,HR-1,2025,FAGR,3.3,6,Y,1,0,
Subplot,HR-1,2025,FAGR,0.5,5,Y,2,2,
Subplot,HR-1,2025,FAGR,0.4,5,Y,2,2,
Subplot,HR-1,2025,FAGR,11.2,5,Y,2,3,
Subplot,HR-1,2025,FAGR,2.5,5,Y,1,0,
Subplot,HR-1,2025,FAGR,1,6,Y,4,4,
Subplot,HR-1,2025,FAGR,0.5,5,Y,2,0,
Subplot,HR-1,2025,FAGR,1.1,4,Y,1,0,
Subplot,HR-1,2025,FAGR,0.8,6,Y,1,0,
Subplot,HR-1,2025,SNAG,1,7,,,,
Subplot,HR-1,2025,FAGR,0.4,6,Y,4,4,
Subplot,HR-1,2025,FAGR,1.1,5,Y,1,0,
Subplot,HR-1,2025,FAGR,1.1,6,Y,2,0,
Subplot,HR-1,2025,ACRU,0.8,2,,,,
Subplot,HR-1,2025,FAGR,2.6,5,Y,1,0,producing nuts
Subplot,HR-1,2025,FAGR,1.1,6,Y,4,4,
Subplot,HR-1,2025,SNAG,2.4,7,,,,"FAGR, beech"
Subplot,HR-1,2025,SNAG,0.7,7,,,,
Subplot,HR-2,2025,ACSA,3.8,2,,,,
Subplot,HR-2,2025,FAGR,1,6,Y,2,0,
Subplot,HR-2,2025,ACSA,2.2,3,,,,
Subplot,HR-2,2025,ACSA,4.5,2,,,,
Subplot,HR-2,2025,ACSA,11.6,2,,,,
Subplot,NP-1,2025,SNAG,1.6,8,,,,
Subplot,NP-1,2025,HAVI,3.1,3,,,,
Subplot,NP-2,2025,,,,,,,NONE
Subplot,NP-3,2025,FAGR,6,5,Y,4,4,measured live thick stem
Subplot,PB-1,2025,SNAG,6.4,7,,,,FAGR attached
Subplot,PB-1,2025,FAGR,4.3,5,Y,4,4,FAGR attached
Subplot,PB-1,2025,FAGR,7,5,Y,3,4,
Subplot,PB-1,2025,FAGR,2.1,6,Y,4,3,
Subplot,PB-1,2025,ACSA,2.3,2,,,,
Subplot,PC-1,2025,,,,,,,NONE
Subplot,PC-10,2025,HAVI,1.6,2,,,,
Subplot,PC-10,2025,HAVI,2.8,3,,,,
Subplot,PC-10,2025,HAVI,0.9,2,,,,
Subplot,PC-10,2025,ACSA,4.7,2,,,,missing top
Subplot,PC-10,2025,FAGR,1.8,4,Y,1,0,
Subplot,PC-10,2025,CACA,2.9,2,,,,musclewood
Subplot,PC-10,2025,SNAG,2.7,7,,,,
Subplot,PC-10,2025,PRSE,5.4,3,,,,
Subplot,PC-10,2025,ACSA,1.9,2,,,,
Subplot,PC-10,2025,SNAG,1.8,8,,,,
Subplot,PC-10,2025,ACSA,4,2,,,,
Subplot,PC-11,2025,ACSA,3,2,,,,
Subplot,PC-11,2025,PRSE,8.3,4,,,,#813
Subplot,PC-11,2025,SNAG,1.2,7,,,,
Subplot,PC-11,2025,SNAG,1.3,7,,,,
Subplot,PC-11,2025,HAVI,2.2,2,,,,
Subplot,PC-11,2025,FAGR,4.1,5,Y,1,0,
Subplot,PC-11,2025,ACRU,3,2,,,,
Subplot,PC-11,2025,HAVI,6.7,2,,,,
Subplot,PC-11,2025,HAVI,1.7,1,,,,
Subplot,PC-11,2025,HAVI,3.1,1,,,,
Subplot,PC-11,2025,HAVI,3,2,,,,
Subplot,PC-11,2025,HAVI,1.7,1,,,,
Subplot,PC-11,2025,HAVI,0.6,1,,,,
Subplot,PC-11,2025,PRSE,3.2,2,,,,
Subplot,PC-11,2025,ACSA,3.9,2,,,,
Subplot,PC-12,2025,NYSY,6.6,3,,,,#858? two tags
Subplot,PC-12,2025,CACA,1.6,2,,,,musclewood
Subplot,PC-12,2025,FAGR,3.4,4,Y,4,3,
Subplot,PC-12,2025,SNAG,3.7,7,,,,
Subplot,PC-2,2025,SNAG,3.6,8,,,,topped off
Subplot,PC-2,2025,SNAG,9.6,8,,,,"#524, topped off, beech"
Subplot,PC-2,2025,FAGR,2.7,4,Y,2,0,"bent in half, alive, probable second bud break "
Subplot,PC-2,2025,CACA,7.9,2,,,,topped off
Subplot,PC-2,2025,FAGR,5,4,Y,4,4,top snapped off
Subplot,PC-3,2025,ACSA,2.2,2,,,,
Subplot,PC-3,2025,SNAG,2.3,7,,,,
Subplot,PC-3,2025,ACSA,4,3,,,,
Subplot,PC-3,2025,ACSA,5,2,,,,
Subplot,PC-3,2025,FAGR,3.5,4,Y,4,3,
Subplot,PC-3,2025,SNAG,2,8,,,,
Subplot,PC-4,2025,OSVI,9.6,3,,,,#532
Subplot,PC-4,2025,ACSA,4.4,2,,,,
Subplot,PC-4,2025,ACSA,3.5,2,,,,
Subplot,PC-4,2025,FAGR,7,5,Y,3,3,second bud break?
Subplot,PC-4,2025,CACA,6.3,,,,,"musclewood, #552"
Subplot,PC-4,2025,SNAG,1,8,,,,
Subplot,PC-4,2025,ACSA,1.6,2,,,,
Subplot,PC-5,2025,FAGR,3.4,6,Y,4,4,
Subplot,PC-5,2025,SNAG,1.4,8,,,,
Subplot,PC-5,2025,ACSA,2,2,,,,
Subplot,PC-6,2025,SNAG,3.1,7,,,,probable beech
Subplot,PC-6,2025,HAVI,2.5,4,,,,connected at base
Subplot,PC-6,2025,HAVI,4,2,,,,connected at base
Subplot,PC-6,2025,ACSA,10.4,2,,,,#641
Subplot,PC-6,2025,CACA,4.7,2,,,,muscle wood; bent in half
Subplot,PC-6,2025,SNAG,1.3,8,,,,
Subplot,PC-8,2025,ACSA,2.3,3,,,,
Subplot,PC-8,2025,ACSA,0.7,4,,,,
Subplot,PC-8,2025,ACSA,3.9,3,,,,
Subplot,PC-8,2025,ACSA,1.2,4,,,,
Subplot,PC-8,2025,TIAM,10.2,2,,,,#705 Basswood
Subplot,PC-8,2025,ACSA,2.3,3,,,,
Subplot,PC-8,2025,ACSA,2.9,4,,,,
Subplot,PC-8,2025,ACSA,1.6,3,,,,
Subplot,PC-9,2025,FAGR,2,6,Y,2,2,possible second bud break
Subplot,PC-9,2025,SNAG,3.2,8,,,,
Subplot,PC-9,2025,SNAG,3.6,8,,,,
Subplot,RH-1,2025,FAGR,9.6,2,N,0,0,
Subplot,RH-1,2025,FAGR,5.2,3,Y,1,0,
Subplot,RH-1,2025,FAGR,6.7,2,N,0,0,leaf herbivory
Subplot,RH-1,2025,FAGR,5.4,3,N,0,0,
Subplot,RH-1,2025,FAGR,7.3,2,Y,1,0,
Subplot,RH-1,2025,FAGR,1.8,4,N,0,0,
Subplot,RH-1,2025,FAGR,2.7,3,N,0,0,
Subplot,RH-1,2025,FAGR,1.9,6,N,0,0,
Subplot,RH-1,2025,FAGR,2.2,4,N,0,0,
Subplot,RH-1,2025,FAGR,2.6,3,N,0,0,
Subplot,RH-1,2025,FAGR,1.6,3,N,0,0,
Subplot,RH-1,2025,FAGR,5.3,3,N,0,0,
Subplot,RH-1,2025,FAGR,4.7,2,N,0,0,Necrosis on leaves
Subplot,SB-1,2025,FAGR,1.8,3,Y,4,3,
Subplot,SB-1,2025,ACSA,1.2,3,,,,
Subplot,SB-1,2025,FAGR,1.8,3,Y,4,3,SC1-36
Subplot,SB-1,2025,FAGR,0.9,4,Y,4,3,SC1-1
Subplot,SB-1,2025,FAGR,10.1,3,Y,3,3,
Subplot,SB-1,2025,FAGR,0.9,5,Y,4,4,
Subplot,SB-1,2025,FAGR,0.5,4,Y,4,4,
Subplot,SB-1,2025,FAGR,0.6,4,Y,4,3,
Subplot,SB-1,2025,FAGR,0.8,5,Y,3,3,measure live leader
Subplot,SB-1,2025,SNAG,8.6,7,,,,FAGR
Subplot,SB-1,2025,FAGR,1.5,3,Y,4,3,
Subplot,SB-1,2025,FAGR,1.5,4,Y,4,4,"bent in half, DBH from live leader"
Subplot,SB-1A,2025,FAGR,2.7,5,Y,3,4,
Subplot,SB-1A,2025,FAGR,4.3,4,Y,4,4,
Subplot,SB-1A,2025,FAGR,3.2,4,Y,4,4,
Subplot,SB-1A,2025,FAGR,2.4,5,Y,4,4,broken main trunk
Subplot,SB-1B,2025,FAGR,2.6,5,Y,3,2,
Subplot,SB-1B,2025,FAGR,3.6,6,Y,4,4,
Subplot,SB-1B,2025,ACSA,2.5,2,,,,
Subplot,SB-1B,2025,ACSA,2.5,2,,,,
Subplot,SB-1B,2025,LITU,0.7,1,,,,
Subplot,SB-1B,2025,LITU,0.6,1,,,,
Subplot,SB-1B,2025,LITU,1.2,1,,,,
Subplot,SB-1B,2025,LITU,1.1,1,,,,
Subplot,SB-1B,2025,LITU,0.9,1,,,,
Subplot,SB-2,2025,FAGR,6.5,5,Y,4,3,
Subplot,SB-2,2025,FAGR,1.1,5,Y,2,0,
Subplot,SB-2,2025,FAGR,1,4,Y,2,0,
Subplot,SB-2,2025,FAGR,1.2,4,Y,2,0,
Subplot,SB-2,2025,SNAG,7.6,8,,,,FAGR
Subplot,SB-2,2025,FAGR,4.7,4,Y,2,0,
Subplot,SB-2,2025,FAGR,4.9,5,Y,4,4,
Subplot,SB-2,2025,ACSA,6.3,2,,,,
Subplot,SB-2,2025,FAGR,1.7,4,Y,3,4,
Subplot,SB-2,2025,LITU,0.7,1,,,,
Subplot,SB-2,2025,FAGR,1.8,6,Y,4,4,
Subplot,SB-2,2025,FAGR,1.4,4,Y,3,0,
Subplot,SB-2,2025,FAGR,1.7,4,Y,1,0,
Subplot,SB-2,2025,LITU,0.7,1,,,,
Subplot,SB-2,2025,FAGR,0.8,4,Y,3,4,
Subplot,SB-2A,2025,ACSA,7.9,2,,,,
Subplot,SB-2A,2025,LITU,1.2,1,,,,
Subplot,SB-2A,2025,LITU,0.9,1,,,,
Subplot,SB-2A,2025,LITU,1,1,,,,
Subplot,SB-2A,2025,LITU,1.5,2,,,,
Subplot,SB-2A,2025,FAGR,2.6,6,Y,1,0,
Subplot,SB-2A,2025,LITU,1.1,1,,,,
Subplot,SB-2A,2025,LITU,0.8,2,,,,
Subplot,SB-2A,2025,LITU,1,1,,,,
Subplot,SB-2A,2025,LITU,2.5,1,,,,
Subplot,SB-2A,2025,LITU,0.6,1,,,,
Subplot,SB-2A,2025,LITU,1.7,1,,,,
Subplot,SB-2A,2025,LITU,1.6,1,,,,
Subplot,SB-2A,2025,LITU,2.7,2,,,,
Subplot,SB-2A,2025,LITU,1.9,1,,,,
Subplot,SB-2A,2025,FAGR,6.5,6,Y,4,4,main trunk snapped
Subplot,SB-2A,2025,LITU,1.7,2,,,,
Subplot,SB-2A,2025,LITU,0.7,1,,,,
Subplot,SB-2A,2025,LITU,1.3,1,,,,
Subplot,SB-2A,2025,LITU,1.5,2,,,,
Subplot,SB-2A,2025,FAGR,2.3,4,Y,4,4,
Subplot,SB-2A,2025,LITU,1.5,1,,,,
Subplot,SB-2A,2025,LITU,1.2,1,,,,
Subplot,SB-2A,2025,LITU,1.8,1,,,,
Subplot,SB-2A,2025,LITU,0.9,1,,,,
Subplot,SB-2A,2025,LITU,0.7,1,,,,
Subplot,SB-2B,2025,LITU,5,2,,,,
Subplot,SB-2B,2025,LITU,1.8,2,,,,
Subplot,SB-2B,2025,LITU,2.2,2,,,,
Subplot,SB-2B,2025,LITU,2.4,2,,,,
Subplot,SB-2B,2025,LITU,3.8,2,,,,
Subplot,SB-2B,2025,LITU,1.5,1,,,,
Subplot,SB-2B,2025,LITU,2,2,,,,
Subplot,SB-2B,2025,LITU,3.1,2,,,,
Subplot,SB-2B,2025,LITU,1.7,2,,,,
Subplot,SB-2B,2025,LITU,1.3,1,,,,
Subplot,SB-2B,2025,LITU,1.6,1,,,,
Subplot,SB-2B,2025,LITU,0.8,1,,,,
Subplot,SB-2B,2025,LITU,1.9,2,,,,
Subplot,SB-2B,2025,LITU,2.2,2,,,,
Subplot,SB-2B,2025,LITU,1.3,2,,,,
Subplot,SB-2B,2025,LITU,0.8,2,,,,
Subplot,SB-2B,2025,LITU,1.3,1,,,,
Subplot,SB-2B,2025,LITU,2.6,1,,,,
Subplot,SB-2B,2025,FAGR,2.2,6,Y,4,4,4
Subplot,SB-2B,2025,FAGR,2.5,6,Y,3,4,
Subplot,SB-2B,2025,LITU,3.2,2,,,,
Subplot,SB-2B,2025,LITU,1.5,2,,,,
Subplot,SB-2B,2025,LITU,2.6,2,,,,
Subplot,SB-2B,2025,FAMX,1.4,2,,,,
Subplot,SB-2B,2025,LITU,1.2,1,,,,
Subplot,SB-3A,2025,LITU,0.8,2,,,,
Subplot,SB-3A,2025,LITU,0.8,1,,,,
Subplot,SB-3A,2025,LITU,0.8,1,,,,
Subplot,SB-3A,2025,LITU,1.3,1,,,,
Subplot,SB-3A,2025,LITU,0.9,2,,,,
Subplot,SB-3A,2025,LITU,1.1,1,,,,
Subplot,SB-3A,2025,LITU,1.7,1,,,,
Subplot,SB-3A,2025,LITU,0.9,1,,,,
Subplot,SB-3A,2025,LITU,1.1,1,,,,
Subplot,SB-3A,2025,LITU,1.1,1,,,,
Subplot,SB-3A,2025,LITU,1.1,2,,,,
Subplot,SB-3A,2025,LITU,0.9,1,,,,
Subplot,SB-3A,2025,LITU,0.8,1,,,,
Subplot,SB-3A,2025,LITU,1,1,,,,
Subplot,SB-3A,2025,LITU,1,2,,,,
Subplot,SB-3A,2025,LITU,0.7,1,,,,
Subplot,SB-3A,2025,LITU,0.8,1,,,,
Subplot,SB-3A,2025,LITU,0.6,2,,,,
Subplot,SB-3A,2025,LITU,0.8,2,,,,
Subplot,SB-3A,2025,LITU,1,2,,,,
Subplot,SB-3A,2025,LITU,0.7,1,,,,
Subplot,SB-3A,2025,LITU,0.9,1,,,,
Subplot,SB-3A,2025,LITU,0.7,1,,,,
Subplot,SB-3A,2025,LITU,0.9,1,,,,
Subplot,SB-3A,2025,LITU,0.5,1,,,,
Subplot,SB-3A,2025,LITU,0.7,1,,,,
Subplot,SB-3A,2025,LITU,0.6,1,,,,
Subplot,SB-3A,2025,LITU,1,1,,,,
Subplot,SB-3A,2025,LITU,0.7,1,,,,
Subplot,SB-3A,2025,LITU,0.8,2,,,,
Subplot,SB-3A,2025,LITU,0.8,1,,,,
Subplot,SB-3A,2025,LITU,0.7,2,,,,
Subplot,SB-3A,2025,LITU,0.6,1,,,,
Subplot,SB-3A,2025,LITU,0.8,1,,,,
Subplot,SB-3A,2025,LITU,0.9,1,,,,
Subplot,SB-3A,2025,LITU,0.6,1,,,,
Subplot,SB-3A,2025,LITU,1.1,1,,,,
Subplot,SB-3A,2025,LITU,0.7,2,,,,
Subplot,SB-3A,2025,LITU,1.1,1,,,,
Subplot,SB-3A,2025,LITU,0.7,1,,,,
Subplot,SB-3A,2025,LITU,1,1,,,,
Subplot,SB-3A,2025,LITU,1.2,1,,,,
Subplot,SB-3A,2025,LITU,1.2,2,,,,
Subplot,SB-3A,2025,LITU,0.7,1,,,,
Subplot,SB-3A,2025,LITU,0.9,1,,,,
Subplot,SB-3A,2025,LITU,0.8,1,,,,
Subplot,SB-3A,2025,LITU,0.7,1,,,,
Subplot,SB-3A,2025,SNAG,3.1,7,,,,FAGR
Subplot,SB-3B,2025,SNAG,4.4,8,,,,FAGR
Subplot,SB-3B,2025,SNAG,1.1,7,,,,
Subplot,SB-3B,2025,LITU,0.7,1,,,,
Subplot,SC-1,2025,FAGR,1,4,Y,4,3,
Subplot,SC-1,2025,FAGR,3.6,4,Y,3,4,
Subplot,SC-1,2025,FAGR,5.5,3,Y,4,4,
Subplot,SC-1,2025,FAGR,10.9,3,Y,3,4,
Subplot,SC-1,2025,FAGR,0.9,2,Y,4,4,
Subplot,SC-1,2025,FAGR,1,3,Y,4,3,
Subplot,SC-10,2025,ACSA,3.4,2,,,,
Subplot,SC-10,2025,ACSA,1.8,2,,,,
Subplot,SC-10,2025,ACSA,2.1,3,,,,
Subplot,SC-10,2025,ACSA,6.1,2,,,,
Subplot,SC-10,2025,ACSA,10.7,1,,,,#443
Subplot,SC-10,2025,ACSA,7,2,,,,
Subplot,SC-10,2025,ACSA,3.4,3,,,,
Subplot,SC-3,2025,ACSA,2.1,2,,,,
Subplot,SC-3,2025,ACSA,5.4,3,,,,
Subplot,SC-3,2025,ACSA,1.3,2,,,,
Subplot,SC-3,2025,ACSA,6,3,,,,
Subplot,SC-3,2025,SNAG,1.7,8,,,,
Subplot,SC-5,2025,ACSA,4.9,2,,,,
Subplot,SC-7,2025,ACSA,2.5,3,,,,
Subplot,SC-7,2025,FAGR,1.3,5,Y,4,2,
Subplot,SC-7,2025,FAGR,2.4,4,Y,2,3,
Subplot,SC-7,2025,FAGR,4.9,5,Y,1,0,
Subplot,SC-7,2025,FAGR,3.7,6,Y,2,3,
Subplot,SC-7,2025,SNAG,2.1,7,,,,possibly beech
Subplot,SC-7,2025,SNAG,4.7,8,,,,missing top
Subplot,SC-7,2025,ACSA,5.2,2,,,,
Subplot,SC-8,2025,SNAG,1.3,7,,,,
Subplot,SC-8,2025,ACSA,5.4,4,,,,
Subplot,SC-8,2025,ACSA,2.6,2,,,,
Subplot,SC-8,2025,ACSA,4.7,2,,,,
Subplot,SC-8,2025,ACSA,3.2,2,,,,
Subplot,SC-9,2025,ACSA,2.5,3,,,,
Subplot,SC-9,2025,ACSA,3.4,2,,,,
Subplot,SC-9,2025,SNAG,5.4,7,,,,
Subplot,SC-9,2025,ACSA,4.1,2,,,,
Subplot,SC-9,2025,ACSA,3.2,,,,,
Subplot,SP-1,2025,ACPL,6.8,2,,,,
Subplot,SP-1,2025,FAGR,0.9,2,N,0,0,
Subplot,SP-2,2025,FAGR,9.7,2,N,0,0,
Subplot,SP-2,2025,FAGR,1.8,5,N,0,0,
Subplot,SP-2,2025,FAGR,1.9,3,N,0,0,
Subplot,SP-2,2025,FAGR,1.2,3,N,0,0,
Subplot,SP-2,2025,FAGR,1,4,N,0,0,
Subplot,SP-2,2025,FAGR,1.2,2,N,0,0,
Subplot,SP-2,2025,FAGR,2.2,4,N,0,0,
Subplot,SP-2,2025,FAGR,1.2,3,N,0,0,
Subplot,SP-2,2025,FAGR,1.4,2,N,0,0,
Subplot,SP-2,2025,FAGR,2.4,3,N,0,0,
Subplot,SP-2,2025,FAGR,5.2,4,N,0,0,herbivory on many leaves
Subplot,SP-2,2025,FAGR,3.5,3,N,0,0,
Subplot,SP-2,2025,FAGR,1.7,4,N,0,0,
Subplot,SP-2,2025,FAGR,2.1,3,N,0,0,
Subplot,SP-2,2025,SNAG,0.7,8,,,,
Subplot,SP-2,2025,FAGR,1.3,1,N,0,0,
Subplot,SP-2,2025,FAGR,1.9,2,N,0,0,
Subplot,SP-2,2025,FAGR,1.3,2,N,0,0,
Subplot,SP-3,2025,FAGR,1.8,3,N,0,0,
Subplot,SP-3,2025,FAGR,1.8,3,N,0,0,
Subplot,SP-3,2025,ACPL,7.7,3,,,,
Subplot,SP-3,2025,OSVI,2.3,2,,,,
Subplot,SP-3,2025,FAGR,4.9,4,N,0,0,Necrosis on leaves
Subplot,SV-1,2025,FAGR,1.2,6,Y,4,4,few leaves
Subplot,SV-1,2025,SNAG,3.4,7,,,,FAGR
Subplot,SV-1,2025,FAGR,7.1,5,Y,3,1,#2427
Subplot,SV-1,2025,SNAG,1.4,7,,,,FAGR?
Subplot,SV-1,2025,FAGR,5.7,5,Y,3,1,FAGR
Subplot,SV-1,2025,SNAG,0.9,7,,,,FAGR
Subplot,SV-1,2025,SNAG,3.2,7,,,,FAGR
Subplot,SV-1,2025,SNAG,4.5,7,,,,FAGR
Subplot,SV-1,2025,SNAG,3.7,7,,,,FAGR
Subplot,SV-1,2025,SNAG,6.1,7,,,,"6.1 NOT 6-JAN, WONT LET ME ENTER THAT , FAGR"
Subplot,SV-1,2025,SNAG,2.8,8,,,,FAGR
Subplot,SV-1,2025,FAGR,4.6,6,Y,4,3,
Subplot,SV-1,2025,FAGR,7.6,6,Y,4,3,#2424
Subplot,SV-10,2025,SNAG,3,7,,,,
Subplot,SV-10,2025,FAGR,3,5,Y,2,0,
Subplot,SV-10,2025,FAGR,2.4,5,Y,1,0,
Subplot,SV-11,2025,FAGR,4.8,4,Y,3,3,
Subplot,SV-11,2025,SNAG,5.7,7,,,,FAGR
Subplot,SV-11,2025,FAGR,5.4,4,Y,4,4,
Subplot,SV-12,2025,SNAG,2.7,7,,,,FAGR
Subplot,SV-12,2025,SNAG,7,7,,,,#2883; FAGR
Subplot,SV-12,2025,FAGR,5.1,5,Y,3,1,
Subplot,SV-12,2025,FAGR,4.3,5,Y,2,0,
Subplot,SV-12,2025,SNAG,3.8,7,,,,FAGR
Subplot,SV-2,2025,FAGR,6.6,6,Y,4,3,#2467
Subplot,SV-3,2025,,,,,,,NONE
Subplot,SV-4,2025,FAGR,4.4,3,y,4,3,
Subplot,SV-4,2025,FAGR,12.5,5,Y,4,3,#2580; bent almost to ground
Subplot,SV-4,2025,ACSA,9.6,2,,,,
Subplot,SV-5,2025,FAGR,2.5,4,Y,3,4,
Subplot,SV-5,2025,SNAG,7.9,7,,,,#2604; FAGR
Subplot,SV-5,2025,SNAG,1,7,,,,FAGR
Subplot,SV-5,2025,FAGR,7.8,5,Y,3,4,#2597
Subplot,SV-5,2025,FAGR,4.5,5,Y,2,0,
Subplot,SV-5,2025,FAGR,7.3,5,Y,4,4,#2596
Subplot,SV-5,2025,SNAG,4.6,7,,,,PRSE
Subplot,SV-6,2025,FAGR,4.1,4,Y,2,0,
Subplot,SV-6,2025,FAGR,7.5,4,Y,4,3,#2654
Subplot,SV-6,2025,FAGR,4.9,4,Y,2,1,second flush
Subplot,SV-6,2025,FAGR,3.7,3,Y,2,1,second flush
Subplot,SV-6,2025,FAGR,7.2,6,Y,4,3,#2673
Subplot,SV-6,2025,FAGR,5.9,4,Y,4,3,#2669
Subplot,SV-6,2025,FAGR,7.1,4,Y,4,4,#2668
Subplot,SV-6,2025,SNAG,2.3,7,,,,FAGR
Subplot,SV-6,2025,FAGR,4.8,4,Y,3,3,
Subplot,SV-6,2025,FAGR,3.6,4,Y,2,1,second flush
Subplot,SV-7,2025,FAGR,1.1,4,Y,4,1,second bud break
Subplot,SV-7,2025,ACRU,6.9,6,,,,#2748; broken at base bent over
Subplot,SV-8,2025,ACSA,1.5,2,,,,
Subplot,SV-8,2025,ACSA,4.3,2,,,,
Subplot,SV-8,2025,ACSA,2.3,3,,,,
Subplot,SV-8,2025,ACSA,3.1,2,,,,
Subplot,SV-8,2025,ACRU,11.7,2,,,,#2694
Subplot,SV-9,2025,ACSA,6.1,2,,,,
Subplot,SV-9,2025,SNAG,1.6,7,,,,
Subplot,SV-9,2025,ACSA,2.8,2,,,,
Subplot,SV-9,2025,ACSA,2.1,2,,,,
Subplot,WVHA-01,2025,FAGR,2,4,Y,2,2,
Subplot,WVHA-01,2025,FAGR,1.5,6,Y,3,3,
Subplot,WVHA-01,2025,FAGR,4.8,5,Y,3,3,
Subplot,WVHA-02,2025,SNAG,0.9,8,,,,
Subplot,WVHA-02,2025,FAGR,1.5,6,Y,4,3,
Subplot,WVHA-02,2025,FAGR,1.9,6,Y,1,0,
Subplot,WVHA-02,2025,FAGR,3.9,6,Y,2,0,
Subplot,WVHA-02,2025,FAGR,2,5,Y,4,2,
Subplot,WVHA-02,2025,FAGR,4.9,3,Y,3,2,
Subplot,WVHA-02,2025,FAGR,2.5,5,Y,3,3,
Subplot,WVHA-02,2025,FAGR,3.1,5,Y,3,3,
Subplot,WVHA-02,2025,FAGR,11.4,3,Y,3,2,
Subplot,WVHA-02,2025,FAGR,2.9,4,Y,4,2,
Subplot,WVHA-02,2025,FAGR,1.4,6,Y,4,4,
