plot_type,plot_id,date,treatment,species,dbh,crown_class,leaf_density,overall_dieback,cover_class_main,main_position,cover_class_fine,fine_position,percent_bld,dominant_symptom_expression,comments
Main,BP-01,2023,,FAGR,37.8,I,5,3,2,1,3,3,0,0,
Main,BP-01,2023,,QURU,57.1,C,4,4,,,,,,,
Main,BP-01,2023,,ACSA,20,S,6,2,,,,,,,
Main,BP-01,2023,,FAGR,14.8,S,6,2,1,3,2,3,0,0,
Main,BP-01,2023,,ACSA,18.5,S,5,3,,,,,,,
Main,BP-01,2023,,QURU,55.4,C,5,3,,,,,,,
Main,BP-01,2023,,ACSA,31.5,I,5,2,,,,,,,
Main,BP-01,2023,,QURU,45.6,C,5,2,,,,,,,
Main,BP-01,2023,,QURU,68.7,C,6,2,,,,,,,
Main,BP-01,2023,,ACSA,22.2,S,5,3,,,,,,,
Main,BP-01,2023,,FAGR,18.2,S,5,2,1,3,2,3,0,0,
Main,BP-01,2023,,ACSA,13.7,S,4,3,,,,,,,
Main,BP-01,2023,,FAGR,26.2,S,6,2,1,3,2,3,1,0,
Main,BP-01,2023,,SNAG,23.7,DEAD,1,8,,,,,,,
Main,BP-01,2023,,ACSA,42.6,I,6,2,,,,,,,
Main,BP-02,2023,,FAGR,50.9,I,6,2,1,3,2,3,1,0,
Main,BP-02,2023,,ACSA,18.6,I,5,2,,,,,,,
Main,BP-02,2023,,LITU,61.2,D,6,2,,,,,,,
Main,BP-02,2023,,ACSA,46.6,C,6,2,,,,,,,
Main,BP-02,2023,,ACSA,42.1,C,6,1,,,,,,,
Main,BP-02,2023,,ACSA,29.9,I,5,3,,,,,,,
Main,BP-02,2023,,SNAG,48.5,DEAD,1,8,,,,,,,
Main,BP-02,2023,,PRSE2,43.5,C,5,2,,,,,,,
Main,BP-02,2023,,FAGR,47.9,C,6,2,1,3,2,3,0,0,Many carvings in trunk
Main,BP-02,2023,,PRSE2,39,I,5,2,,,,,,,
Main,BP-02,2023,,ACRU,15.7,S,6,2,,,,,,,
Main,BW-1,2023,,FAGR,28.1,C,5,3,3,3,2,3,,,
Main,BW-1,2023,,ACSA,22.7,I,5,2,,,,,,,
Main,BW-1,2023,,ACSA,66.6,D,6,3,,,,,,,
Main,BW-1,2023,,ACSA,16.7,I,6,2,,,,,,,
Main,BW-1,2023,,UNID,21.8,C,6,2,,,,,,,Cucumber magnolia?
Main,BW-1,2023,,ACSA,30.9,C,6,2,,,,,,,
Main,BW-1,2023,,ACSA,20.5,I,6,3,,,,,,,
Main,BW-1,2023,,ACSA,26,C,6,2,,,,,,,
Main,BW-1,2023,,ACSA,28.1,C,6,2,,,,,,,
Main,BW-1,2023,,ACSA,42.5,C,5,3,,,,,,,
Main,BW-1,2023,,ACSA,23.1,C,6,3,,,,,,,
Main,BW-1,2023,,ACSA,21.9,I,6,2,,,,,,,
Main,BW-1,2023,,FAGR,15.2,S,2,6,6,3,6,3,4,2,
Main,BW-2,2023,,FAGR,16.4,I,4,3,2,2,2,3,2,2,
Main,BW-2,2023,,FAGR,20.2,C,2,5,4,3,3,2,3,3,
Main,BW-2,2023,,FAGR,13.7,I,2,3,3,3,2,3,3,3,
Main,BW-2,2023,,ACSA,31,C,6,3,,,,,,,
Main,BW-2,2023,,ACSA,20,C,6,4,,,,,,,
Main,BW-2,2023,,ACSA,26.1,D,6,2,,,,,,,
Main,BW-2,2023,,ACSA,25.4,C,6,2,,,,,,,
Main,BW-2,2023,,ACSA,17.7,C,6,1,,,,,,,
Main,BW-2,2023,,FAGR,13.2,I,2,6,5,3,5,3,3,3,
Main,BW-2,2023,,ACSA,16.5,C,6,2,,,,,,,
Main,BW-2,2023,,ACSA,18,C,6,2,,,,,,,
Main,BW-2,2023,,FAGR,14.9,S,4,3,2,3,2,3,3,3,
Main,BW-2,2023,,ACSA,25.5,D,5,3,,,,,,,
Main,BW-2,2023,,ACSA,14.1,S,6,2,,,,,,,
Main,BW-2,2023,,ACSA,22,C,6,2,,,,,,,
Main,BW-2,2023,,ACSA,14.4,I,5,2,,,,,,,
Main,C-1,2023,,FAGR,37.2,C,5,2,1,3,2,3,2,2,#965
Main,C-1,2023,,QURU,27,I,5,2,,,,,,,
Main,C-1,2023,,TSCA,34.8,C,6,2,,,,,,,leaf herbivory
Main,C-1,2023,,LITU,88.9,D,5,2,,,,,,,
Main,C-1,2023,,ACSA,14.5,I,6,1,,,,,,,
Main,C-1,2023,,,15.4,I,4,3,1,3,3,3,3,3,Vitis in canopy
Main,C-1,2023,,FAGR,24.4,I,3,4,3,3,3,3,2,0,Vitis in canopy
Main,C-1,2023,,FAGR,67.6,C,5,2,2,1,2,3,2,0,
Main,C-1,2023,,FAGR,26,I,2,4,3,3,4,3,3,2,
Main,C-1,2023,,TSCA,17.4,S,5,1,,,,,,,
Main,C-1,2023,,FAGR,16.1,S,5,2,1,3,2,3,2,0,
Main,C-1,2023,,FAGR,32.7,C,6,2,1,3,2,3,2,0,
Main,C-10,2023,,FAGR,55.8,C,5,2,1,3,2,3,3,3,"#666 (dun dun dun), epicormic branching"
Main,C-10,2023,,ACSA,13.1,S,5,2,,,,,,,
Main,C-10,2023,,CARYA,65.2,C,6,1,,,,,,,
Main,C-10,2023,,ACSA,12.9,S,6,2,,,,,,,
Main,C-10,2023,,PLOC,60.7,C,4,2,,,,,,,
Main,C-10,2023,,ACSA,14.1,S,6,1,,,,,,,
Main,C-10,2023,,ACSA,21.4,S,6,1,,,,,,,
Main,C-10,2023,,CARYA,47.1,C,6,1,,,,,,,
Main,C-10,2023,,ACSA,23.7,S,5,2,,,,,,,
Main,C-10,2023,,ACSA,14,S,5,2,,,,,,,
Main,C-11,2023,,FAGR,21.1,S,6,2,1,3,2,3,1,0,#407
Main,C-11,2023,,ACSA,65.4,C,6,1,,,,,,,
Main,C-11,2023,,LITU,35.4,S,6,2,,,,,,,Missing top
Main,C-11,2023,,ACSA,13.7,S,6,2,,,,,,,
Main,C-11,2023,,FAGR,83.4,D,6,2,2,1,2,3,1,0,
Main,C-11,2023,,FAGR,23.2,I,6,2,1,3,2,3,1,0,
Main,C-11,2023,,FAGR,44.4,C,6,2,2,1,2,3,2,3,
Main,C-11,2023,,ACSA,26.7,I,6,2,,,,,,,
Main,C-11,2023,,ACSA,76,C,6,2,,,,,,,
Main,C-11,2023,,SNAG,49.7,DEAD,1,8,,,,,,,
Main,C-11,2023,,LITU,20.4,I,5,2,,,,,,,
Main,C-12,2023,,FAGR,35,S,6,2,2,1,2,1,2,0,#579
Main,C-12,2023,,SNAG,25.4,DEAD,1,7,,,,,,,couldn't see top to confrim leaves
Main,C-12,2023,,PRSE2,62.3,C,6,2,,,,,,,
Main,C-12,2023,,PRSE2,35.7,C,6,2,,,,,,,
Main,C-12,2023,,SNAG,27,DEAD,1,8,,,,,,,
Main,C-12,2023,,SNAG,13.3,DEAD,1,7,,,,,,,
Main,C-12,2023,,PRSE2,36.2,C,5,3,,,,,,,
Main,C-12,2023,,PRSE2,37.4,C,5,2,,,,,,,
Main,C-12,2023,,PRSE2,43.2,I,4,3,,,,,,,
Main,C-12,2023,,ACSA,17.2,S,5,2,,,,,,,
Main,C-12,2023,,PRSE2,44.4,C,6,2,,,,,,,
Main,C-12,2023,,SNAG,18.2,DEAD,1,7,,,,,,,
Main,C-12,2023,,CARYA,38,C,6,1,,,,,,,
Main,C-12,2023,,SNAG,23.6,DEAD,1,8,,,,,,,
Main,C-12,2023,,FAGR,13.1,S,4,3,2,3,2,3,3,2,
Main,C-12,2023,,PRSE2,31.7,I,5,2,,,,,,,
Main,C-12,2023,,PRSE2,48.5,C,6,1,,,,,,,
Main,C-12,2023,,FAGR,19.1,S,4,3,2,2,3,3,3,2,
Main,C-12,2023,,PRSE2,27,I,6,2,,,,,,,
Main,C-12,2023,,SNAG,20.9,DEAD,1,8,,,,,,,
Main,C-12,2023,,PRSE2,48.4,C,5,2,,,,,,,
Main,C-12,2023,,PRSE2,44,C,5,2,,,,,,,
Main,C-13,2023,,FAGR,35.2,I,5,3,3,1,2,1,3,2,#595
Main,C-13,2023,,FAGR,40.1,C,5,2,2,1,2,3,3,2,
Main,C-13,2023,,OSVI,19.9,S,6,2,,,,,,,
Main,C-13,2023,,ACSA,22.3,I,5,2,,,,,,,
Main,C-13,2023,,SNAG,19.6,DEAD,1,7,,,,,,,
Main,C-13,2023,,SNAG,15.8,DEAD,1,7,,,,,,,
Main,C-13,2023,,FAGR,15.9,C,5,2,2,2,2,2,2,1,
Main,C-13,2023,,OSVI,18.7,S,6,1,,,,,,,
Main,C-13,2023,,FAGR,25.9,I,5,2,2,1,2,1,3,2,
Main,C-13,2023,,FAGR,39.6,I,4,3,2,1,2,3,3,2,
Main,C-13,2023,,CARYA,58.8,D,5,2,,,,,,,
Main,C-13,2023,,ACSA,52.9,C,6,1,,,,,,,
Main,C-13,2023,,FAGR,12.8,S,2,4,3,1,3,3,3,3,top of trunk missing
Main,C-13,2023,,FAGR,39.9,C,5,3,2,1,3,1,3,2,
Main,C-14,2023,,FAGR,25.3,C,2,6,2,3,6,3,2,0,#451
Main,C-14,2023,,TIAM,36.1,I,4,2,,,,,,,
Main,C-14,2023,,SNAG,26,DEAD,1,8,,,,,,,
Main,C-14,2023,,FAGR,28.6,I,2,6,3,3,5,3,4,3,
Main,C-14,2023,,FAGR,25.5,C,5,2,1,3,2,3,3,2,
Main,C-14,2023,,FAGR,38.3,C,5,3,2,1,2,3,2,0,
Main,C-14,2023,,FAGR,29.6,C,5,3,2,1,2,3,3,2,
Main,C-14,2023,,FAGR,33.6,C,5,2,2,1,2,3,3,2,
Main,C-14,2023,,CARYA,13.9,S,6,1,,,,,,,
Main,C-14,2023,,QURU,21.4,I,6,1,,,,,,,
Main,C-14,2023,,CARYA,40.3,D,6,1,,,,,,,
Main,C-14,2023,,QUAL,23.5,S,6,1,,,,,,,
Main,C-14,2023,,QURU,32.1,I,6,1,,,,,,,
Main,C-14,2023,,QUAL,70.6,D,5,2,,,,,,,
Main,C-14,2023,,SNAG,32.4,DEAD,1,8,,,,,,,
Main,C-14,2023,,ACSA,14.2,S,6,1,,,,,,,
Main,C-14,2023,,ACSA,45.4,C,5,2,,,,,,,VITIS
Main,C-14,2023,,ACSA,13.2,S,6,2,,,,,,,
Main,C-14,2023,,FAGR,22.7,S,3,5,2,1,4,3,2,0,
Main,C-14,2023,,FAGR,30.9,C,4,3,2,1,2,3,2,2,
Main,C-14,2023,,FAGR,37.1,C,5,2,1,3,2,3,3,3,
Main,C-15,2023,,FAGR,20.4,S,4,3,2,1,2,3,4,3,#639
Main,C-15,2023,,FAGR,12.9,S,3,5,3,2,4,3,,,
Main,C-15,2023,,ACSA,34.8,S,6,2,,,,,,,
Main,C-15,2023,,QURU,40.2,I,5,2,,,,,,,
Main,C-15,2023,,FAGR,15.7,S,4,3,1,3,3,3,3,3,
Main,C-15,2023,,LITU,77.5,D,5,2,,,,,,,
Main,C-15,2023,,FAGR,27.4,S,5,2,1,3,2,3,3,2,
Main,C-15,2023,,FAGR,24.3,S,4,3,2,1,3,1,3,3,
Main,C-15,2023,,QURU,51,C,5,2,,,,,,,
Main,C-15,2023,,QURU,55.7,C,5,2,,,,,,,
Main,C-15,2023,,FAGR,15.6,S,5,3,2,1,3,3,2,2,
Main,C-15,2023,,QURU,16.9,S,5,2,,,,,,,
Main,C-15,2023,,QURU,62.2,C,6,2,,,,,,,
Main,C-15,2023,,QURU,61.3,C,6,1,,,,,,,
Main,C-15,2023,,CAOV2,13.1,S,6,1,,,,,,,
Main,C-15,2023,,QURU,104.5,C,5,3,,,,,,,
Main,C-16,2023,,FAGR,26.5,S,5,2,2,3,2,3,1,0,#616
Main,C-16,2023,,QURU,18.1,S,6,1,,,,,,,
Main,C-16,2023,,QURU,42.7,C,5,3,,,,,,,
Main,C-16,2023,,ACSA,16.1,S,6,2,,,,,,,
Main,C-16,2023,,ACRU,24.2,I,4,3,,,,,,,
Main,C-16,2023,,QURU,39.1,C,6,1,,,,,,,
Main,C-16,2023,,ACSA,13.7,S,5,2,,,,,,,
Main,C-16,2023,,QURU,59.8,D,5,2,,,,,,,
Main,C-16,2023,,QURU,21.1,S,5,2,,,,,,,
Main,C-16,2023,,QURU,57.2,C,5,2,,,,,,,
Main,C-16,2023,,ACSA,19.4,S,6,1,,,,,,,
Main,C-16,2023,,QURU,29.9,I,5,2,,,,,,,
Main,C-16,2023,,FAGR,30.9,I,5,2,1,3,2,1,2,1,
Main,C-16,2023,,PRSE2,44.5,C,5,2,,,,,,,
Main,C-16,2023,,QURU,49.9,C,4,3,,,,,,,
Main,C-16,2023,,QURU,46.6,C,6,1,,,,,,,
Main,C-16,2023,,FAGR,17.6,S,5,2,2,1,2,3,3,2,
Main,C-16,2023,,QURU,67.4,D,6,2,,,,,,,
Main,C-17,2023,,FAGR,31.1,C,5,2,2,1,2,3,3,2,#606
Main,C-17,2023,,FAGR,49,C,4,2,1,3,2,3,3,2,
Main,C-17,2023,,FAGR,54,C,5,3,2,1,3,1,3,2,
Main,C-17,2023,,ACSA,28.3,I,6,1,,,,,,,
Main,C-17,2023,,SAAL5,44.4,C,6,2,,,,,,,
Main,C-17,2023,,TIAM,16.3,S,6,2,,,,,,,
Main,C-17,2023,,FAGR,15.9,I,5,2,2,1,2,1,3,2,
Main,C-17,2023,,FAGR,41.5,C,5,2,1,3,2,3,2,2,
Main,C-17,2023,,FAGR,15.1,S,4,3,2,1,2,3,3,2,
Main,C-17,2023,,QURU,95.7,D,6,1,,,,,,,
Main,C-17,2023,,ACSA,15.8,S,5,2,,,,,,,
Main,C-17,2023,,OSVI,23.2,I,6,2,,,,,,,
Main,C-17,2023,,ACSA,37.2,C,6,2,,,,,,,
Main,C-2,2023,,FAGR,24.3,S,3,4,2,3,3,3,3,3,#659
Main,C-2,2023,,FAGR,23.6,I,4,3,2,1,2,3,3,3,
Main,C-2,2023,,FAGR,20.8,S,2,4,2,2,3,3,2,2,
Main,C-2,2023,,FAGR,62.4,C,5,2,2,1,2,3,2,0,
Main,C-2,2023,,ACSA,35.2,I,6,1,,,,,,,
Main,C-2,2023,,ACSA,29.8,S,6,1,,,,,,,
Main,C-2,2023,,ACSA,21.7,I,5,2,,,,,,,
Main,C-2,2023,,ACSA,20.7,I,5,2,,,,,,,
Main,C-2,2023,,ACSA,26.8,I,6,1,,,,,,,
Main,C-2,2023,,ACSA,22.5,S,6,2,,,,,,,
Main,C-3,2023,,FAGR,50.3,C,3,3,2,2,3,3,4,3,#826
Main,C-3,2023,,ACSA,20.4,I,6,1,,,,,,,
Main,C-3,2023,,ACSA,20.5,I,6,1,,,,,,,
Main,C-3,2023,,TSCA,17.3,S,4,3,,,,,,,
Main,C-3,2023,,TSCA,26.8,S,5,2,,,,,,,
Main,C-3,2023,,TSCA,16.6,S,6,2,,,,,,,
Main,C-3,2023,,TSCA,14.8,S,5,2,,,,,,,
Main,C-3,2023,,TSCA,30.2,I,5,2,,,,,,,
Main,C-3,2023,,TSCA,18.1,S,5,2,,,,,,,
Main,C-3,2023,,FAGR,33.5,C,4,3,1,3,3,3,3,2,
Main,C-3,2023,,SNAG,16.4,DEAD,1,8,,,,,,,
Main,C-3,2023,,LITU,113,D,5,2,,,,,,,
Main,C-3,2023,,ACSA,17.2,I,6,1,,,,,,,
Main,C-4,2023,,FAGR,38.1,C,5,2,1,3,2,3,3,3,#522
Main,C-4,2023,,ACSA,41.1,C,6,2,,,,,,,#523
Main,C-4,2023,,FAGR,23.6,S,5,2,2,1,2,3,2,0,
Main,C-4,2023,,FAGR,16.5,S,4,3,1,3,3,3,3,1,
Main,C-4,2023,,SNAG,13.9,DEAD,1,8,,,,,,,
Main,C-4,2023,,TSCA,15.7,S,6,2,,,,,,,Missing top
Main,C-4,2023,,FAGR,20.2,S,3,3,2,3,3,3,3,2,
Main,C-4,2023,,ACSA,57.6,C,6,2,,,,,,,#833
Main,C-5,2023,,FAGR,35.5,C,5,2,2,1,2,3,2,0,
Main,C-5,2023,,ACSA,69.7,C,5,3,,,,,,,
Main,C-5,2023,,TSCA,33.4,I,5,2,,,,,,,
Main,C-5,2023,,TSCA,76,C,5,2,,,,,,,
Main,C-5,2023,,FAGR,51.8,C,6,2,2,1,2,3,2,1,
Main,C-5,2023,,ACSA,18.6,I,6,1,,,,,,,
Main,C-5,2023,,ULMUS,17,S,5,1,,,,,,,"Diseased, potentially a birch"
Main,C-5,2023,,ACSA,20.4,I,6,2,,,,,,,
Main,DL-01,2023,,FAGR,39.6,C,6,2,1,3,2,3,0,0,
Main,DL-01,2023,,QURU,59.5,C,5,2,,,,,,,
Main,DL-01,2023,,SNAG,28,DEAD,1,7,,,,,,,
Main,DL-01,2023,,PRSE2,39,C,4,2,,,,,,,
Main,DL-01,2023,,SNAG,20.5,C,6,2,,,,,,,
Main,DL-01,2023,,PRSE2,31,I,5,2,,,,,,,
Main,DL-01,2023,,SNAG,24.8,DEAD,1,8,,,,,,,
Main,DL-01,2023,,OSVI,19,S,6,2,,,,,,,
Main,DL-01,2023,,OSVI,14,S,5,3,,,,,,,
Main,DL-01,2023,,ACRU,39,I,6,2,,,,,,,
Main,DL-01,2023,,PRSE2,37.3,I,5,2,,,,,,,
Main,DL-01,2023,,QUAL,30,I,6,2,,,,,,,
Main,DL-02,2023,,FAGR,30.7,I,6,2,1,3,2,3,0,0,
Main,DL-02,2023,,FAGR,16.3,S,6,2,1,3,2,3,0,0,
Main,DL-02,2023,,QURU,61.6,C,6,2,,,,,,,
Main,DL-02,2023,,ACRU,24.3,S,5,2,,,,,,,
Main,DL-02,2023,,SNAG,13.4,DEAD,1,7,,,,,,,
Main,DL-02,2023,,PRSE2,27.3,S,4,4,,,,,,,
Main,DL-02,2023,,QURU,68.8,C,6,2,,,,,,,
Main,DL-02,2023,,QURU,74.5,C,5,2,,,,,,,
Main,DL-02,2023,,QURU,44.5,I,6,2,,,,,,,
Main,DL-02,2023,,ACSA,17.8,S,6,2,,,,,,,
Main,DL-02,2023,,ACSA,26.3,I,6,2,,,,,,,
Main,DL-02,2023,,ACRU,17.9,I,4,2,,,,,,,
Main,DL-02,2023,,QUCO,70,D,5,2,,,,,,,
Main,HA-01,2023,,FAGR,42.4,C,6,2,2,2,2,3,0,0,
Main,HA-01,2023,,QUAL,65.8,C,5,2,,,,,,,
Main,HA-01,2023,,QURU,65.4,C,6,2,,,,,,,
Main,HA-01,2023,,FAGR,28.7,I,6,2,1,3,2,3,0,0,Carvings in tree
Main,HA-01,2023,,ACRU,29,S,5,3,,,,,,,#470
Main,HA-01,2023,,PRSE2,13.2,I,5,2,,,,,,,
Main,HA-02,2023,,FAGR,35.4,I,6,2,1,3,2,3,0,0,
Main,HA-02,2023,,QUAL,75.7,D,6,2,,,,,,,
Main,HA-02,2023,,ACRU,20,S,5,2,,,,,,,
Main,HA-02,2023,,QUAL,62.5,C,6,2,,,,,,,
Main,HA-02,2023,,PRSE2,44,I,5,2,,,,,,,
Main,HA-02,2023,,SNAG,28.5,DEAD,1,8,,,,,,,
Main,HA-02,2023,,ACRU,15,S,3,4,,,,,,,
Main,HA-02,2023,,ACRU,17.5,S,6,2,,,,,,,
Main,HA-02,2023,,SNAG,59.8,DEAD,1,7,,,,,,,
Main,HA-02,2023,,ACRU,23.8,S,6,2,,,,,,,
Main,HA-03,2023,,FAGR,62.9,C,6,3,2,2,2,3,0,0,
Main,HA-03,2023,,ACRU,21.1,S,5,2,,,,,,,
Main,HA-03,2023,,NYSY,27,I,6,2,,,,,,,
Main,HA-03,2023,,ACRU,22.6,S,6,2,,,,,,,
Main,HA-03,2023,,NYSY,26,I,6,1,,,,,,,
Main,HA-03,2023,,NYSY,48.3,C,6,1,,,,,,,
Main,HA-03,2023,,NYSY,21.5,S,1,1,,,,,,,
Main,HA-03,2023,,ACRU,32.3,C,5,2,,,,,,,
Main,HA-03,2023,,NYSY,23,I,6,1,,,,,,,
Main,HA-03,2023,,NYSY,20.8,S,6,1,,,,,,,
Main,HA-03,2023,,ACRU,37.2,C,5,2,,,,,,,
Main,HH-01,2023,,FAGR,56.6,C,5,2,1,3,2,3,1,0,Many carvings in trunk
Main,HH-01,2023,,FAGR,52.5,C,6,2,1,3,2,3,1,0,
Main,HH-01,2023,,ACSA,25,S,6,2,,,,,,,
Main,HH-01,2023,,ACSA,45.5,D,6,1,,,,,,,
Main,HH-01,2023,,ACSA,20.8,S,6,2,,,,,,,
Main,HH-01,2023,,ACSA,41.5,C,6,2,,,,,,,
Main,HH-01,2023,,QURU,48.8,C,6,1,,,,,,,
Main,HH-01,2023,,QURU,48,C,6,2,,,,,,,
Main,IC-1,2023,,FAGR,26,S,5,2,1,3,2,3,2,0,
Main,IC-1,2023,,ACSA,38.3,C,5,3,,,,,,,
Main,IC-1,2023,,ACRU,23.4,S,6,2,,,,,,,
Main,IC-1,2023,,LITU,34,C,4,3,,,,,,,
Main,IC-1,2023,,ACRU,27.5,S,6,1,,,,,,,
Main,IC-1,2023,,ACRU,27.4,I,5,2,,,,,,,
Main,IC-1,2023,,ACRU,17.8,S,5,2,,,,,,,
Main,IC-1,2023,,LITU,32.6,C,5,1,,,,,,,
Main,IC-1,2023,,ACRU,38.6,C,6,2,,,,,,,
Main,IC-1,2023,,ACRU,31.2,I,6,1,,,,,,,
Main,IC-1,2023,,ACRU,54.6,D,5,2,,,,,,,
Main,IC-1,2023,,ACRU,27.8,S,5,2,,,,,,,
Main,IC-1,2023,,LITU,33.3,I,5,2,,,,,,,
Main,IC-1,2023,,LITU,42.2,C,5,1,,,,,,,
Main,IC-1,2023,,SNAG,42.7,DEAD,1,7,,,,,,,
Main,IC-1,2023,,SNAG,41.9,DEAD,1,7,,,,,,,
Main,IC-1,2023,,ACRU,21.5,S,5,2,,,,,,,
Main,IC-1,2023,,LITU,50.1,C,5,2,,,,,,,
Main,IC-1,2023,,ACRU,21.3,I,6,2,,,,,,,
Main,IC-1,2023,,SNAG,41.5,DEAD,1,8,,,,,,,
Main,IC-1,2023,,QURU,50.9,C,5,2,,,,,,,
Main,IC-10,2023,,FAGR,21.7,S,3,4,2,3,4,3,4,2,#393
Main,IC-10,2023,,LITU,73.3,D,6,2,,,,,,,
Main,IC-10,2023,,ACSA,20.3,S,6,2,,,,,,,
Main,IC-10,2023,,ACSA,15.4,S,6,1,,,,,,,
Main,IC-10,2023,,ACSA,21.7,I,5,2,,,,,,,
Main,IC-10,2023,,ACSA,14.9,S,5,1,,,,,,,
Main,IC-10,2023,,OSVI,19.4,I,6,1,,,,,,,
Main,IC-10,2023,,FAGR,25.4,I,4,3,1,3,3,3,4,3,#391 BBD
Main,IC-10,2023,,LITU,51.6,D,5,1,,,,,,,
Main,IC-10,2023,,SNAG,36.5,DEAD,1,7,,,,,,,
Main,IC-10,2023,,FAGR,14,S,2,3,1,3,3,3,4,3,
Main,IC-10,2023,,FAGR,15.9,S,3,3,1,3,3,3,3,2,
Main,IC-10,2023,,ACSA,13.3,S,2,2,,,,,,,No top trunk
Main,IC-10,2023,,ACSA,25,C,6,1,,,,,,,#392
Main,IC-10,2023,,SNAG,57.8,DEAD,1,8,,,,,,,
Main,IC-10,2023,,SNAG,18.2,DEAD,1,8,,,,,,,
Main,IC-10,2023,,FAGR,28.7,I,4,3,2,3,3,3,2,2,
Main,IC-10,2023,,FAGR,41,C,4,3,3,3,2,3,2,0,
Main,IC-10,2023,,FAGR,63.1,D,5,2,1,3,2,2,2,2,BBD
Main,IC-10,2023,,LITU,37.6,C,6,1,,,,,,,#394
Main,IC-11,2023,,FAGR,29.9,I,5,2,2,1,2,3,1,0,#372
Main,IC-11,2023,,ACSA,28.5,I,6,2,,,,,,,
Main,IC-11,2023,,FAGR,21.3,S,4,3,1,3,3,3,3,2,
Main,IC-11,2023,,ACSA,29.3,C,6,2,,,,,,,
Main,IC-11,2023,,FAGR,24.3,I,5,2,2,1,2,3,3,3,
Main,IC-11,2023,,FAGR,47.3,C,5,2,1,3,2,2,4,3,
Main,IC-11,2023,,LITU,39.6,C,6,1,,,,,,,#383
Main,IC-11,2023,,LITU,39.7,V,6,2,,,,,,,
Main,IC-11,2023,,TIAM,20.8,I,6,1,,,,,,,
Main,IC-11,2023,,FAGR,19.8,I,2,2,2,1,2,1,2,2,Trunk missing from top
Main,IC-11,2023,,SNAG,31.1,DEAD,1,8,,,,,,,vitis on trunk
Main,IC-11,2023,,ACSA,51.7,D,6,1,,,,,,,#371
Main,IC-11,2023,,ACSA,26.7,C,6,1,,,,,,,
Main,IC-11,2023,,SNAG,17.8,DEAD,1,8,,,,,,,
Main,IC-12,2023,,FAGR,53.6,C,5,3,3,1,3,3,4,3,#366
Main,IC-12,2023,,SNAG,48.7,DEAD,1,8,,,,,,,
Main,IC-12,2023,,LITU,15.4,I,6,1,,,,,,,
Main,IC-12,2023,,SNAG,14.5,DEAD,1,7,,,,,,,
Main,IC-12,2023,,QURU,16.9,I,6,1,,,,,,,
Main,IC-12,2023,,QURU,43.8,C,6,2,,,,,,,
Main,IC-12,2023,,FAGR,13,S,5,2,1,3,2,3,4,3,
Main,IC-12,2023,,QURU,13.8,S,6,2,,,,,,,
Main,IC-12,2023,,LITU,57.2,C,5,1,,,,,,,Pest damage on leaves
Main,IC-12,2023,,ACRU,17,S,6,2,,,,,,,
Main,IC-12,2023,,QURU,54.9,C,6,2,,,,,,,
Main,IC-12,2023,,SNAG,25.6,DEAD,1,7,,,,,,,
Main,IC-12,2023,,SNAG,19.7,DEAD,1,7,,,,,,,
Main,IC-12,2023,,QURU,15.6,I,6,2,,,,,,,
Main,IC-13,2023,,FAGR,20.5,DEAD,1,7,,,,,,,#883
Main,IC-13,2023,,FAGR,15.5,S,6,2,2,1,2,1,1,0,
Main,IC-13,2023,,FAGR,68.6,D,6,2,1,3,2,3,1,0,
Main,IC-13,2023,,FAGR,35,C,6,3,2,1,2,1,2,2,
Main,IC-13,2023,,FAGR,27.7,I,4,3,2,1,3,3,2,1,#889
Main,IC-13,2023,,SNAG,20.9,DEAD,1,8,,,,,,,decently rotted
Main,IC-13,2023,,CARYA,37.9,C,6,1,,,,,,,
Main,IC-13,2023,,FAGR,38,I,5,3,2,1,2,3,1,0,
Main,IC-13,2023,,ACSA,45.8,C,5,2,,,,,,,#882
Main,IC-13,2023,,TIAM,20.8,I,5,2,,,,,,,
Main,IC-13,2023,,TIAM,20.1,I,6,1,,,,,,,
Main,IC-13,2023,,QURU,25.1,I,5,3,,,,,,,#881
Main,IC-13,2023,,LITU,36.4,C,6,2,,,,,,,
Main,IC-13,2023,,LITU,22,I,6,1,,,,,,,
Main,IC-14,2023,,FAGR,30,S,4,2,1,3,2,3,3,2,#891
Main,IC-14,2023,,FAGR,43.3,C,5,2,2,1,2,3,2,0,
Main,IC-14,2023,,SNAG,42.1,DEAD,1,7,,,,,,,
Main,IC-14,2023,,SNAG,34.8,DEAD,1,7,,,,,,,
Main,IC-14,2023,,SNAG,20.6,DEAD,1,8,,,,,,,
Main,IC-14,2023,,SNAG,13.4,DEAD,6,8,,,,,,,
Main,IC-14,2023,,QURU,72.9,C,4,2,,,,,,,
Main,IC-14,2023,,LITU,75.9,D,1,3,,,,,,,
Main,IC-14,2023,,SNAG,58.8,DEAD,6,8,,,,,,,
Main,IC-14,2023,,ACSA,19.1,S,5,1,,,,,,,
Main,IC-14,2023,,FAGR,56.5,C,4,2,1,3,2,3,3,2,
Main,IC-14,2023,,FAGR,30.7,C,1,3,2,1,2,3,1,0,#892
Main,IC-14,2023,,SNAG,32.1,DEAD,1,8,,,,,,,
Main,IC-14,2023,,SNAG,37.2,DEAD,1,8,,,,,,,
Main,IC-14,2023,,SNAG,25.4,DEAD,5,8,,,,,,,
Main,IC-14,2023,,FAGR,37.1,I,5,3,2,1,2,3,1,0,
Main,IC-14,2023,,FAGR,23.3,S,5,2,1,3,2,3,3,2,
Main,IC-14,2023,,FAGR,19.8,S,4,3,1,3,3,3,3,2,
Main,IC-14,2023,,FAGR,38.8,C,4,2,1,3,2,3,2,0,"#995, vitis in tree"
Main,IC-14,2023,,ACSA,16.3,S,6,1,,,,,,,
Main,IC-16,2023,,FAGR,35.5,C,5,2,1,3,2,1,2,0,#420 
Main,IC-16,2023,,CARYA,33,C,6,2,,,,,,,
Main,IC-16,2023,,SNAG,21.5,DEAD,1,8,,,,,,,
Main,IC-16,2023,,SNAG,29.3,DEAD,1,8,,,,,,,Splitting in middle
Main,IC-16,2023,,TIAM,25.5,I,5,2,,,,,,,
Main,IC-16,2023,,TIAM,39.3,C,6,2,,,,,,,
Main,IC-16,2023,,CARYA,35.4,C,6,2,,,,,,,
Main,IC-16,2023,,CAOV2,17.5,I,6,2,,,,,,,
Main,IC-16,2023,,ACSA,16.8,S,6,1,,,,,,,
Main,IC-16,2023,,SNAG,20.7,DEAD,1,8,,,,,,,
Main,IC-16,2023,,TIAM,21.3,I,6,1,,,,,,,
Main,IC-16,2023,,QURU,28.2,I,5,2,,,,,,,
Main,IC-16,2023,,ACSA,13.2,I,6,1,,,,,,,
Main,IC-16,2023,,ACSA,15.7,I,5,2,,,,,,,
Main,IC-16,2023,,ACSA,21,C,5,2,,,,,,,
Main,IC-16,2023,,LITU,25.8,I,6,1,,,,,,,
Main,IC-16,2023,,LITU,76.4,D,4,3,,,,,,,
Main,IC-16,2023,,LITU,23.1,I,5,2,,,,,,,
Main,IC-16,2023,,ACSA,13.1,S,5,2,,,,,,,
Main,IC-16,2023,,LITU,17.4,I,5,1,,,,,,,
Main,IC-16,2023,,ACSA,23.2,I,5,3,,,,,,,
Main,IC-16,2023,,SNAG,24,DEAD,1,7,,,,,,,Breaking at DBH
Main,IC-16,2023,,ACSA,13.4,I,5,2,,,,,,,
Main,IC-16,2023,,CARYA,17.5,C,5,2,,,,,,,
Main,IC-2,2023,,FAGR,26.9,I,3,3,2,1,3,3,2,2,#37
Main,IC-2,2023,,CACOV2,21,I,6,1,,,,,,,
Main,IC-2,2023,,ACRU,51.1,D,6,2,,,,,,,
Main,IC-2,2023,,ACRU,32.1,I,6,1,,,,,,,#50
Main,IC-2,2023,,CACOV2,20.1,S,6,1,,,,,,,
Main,IC-2,2023,,FAGR,28.4,S,4,3,2,3,3,3,3,3,
Main,IC-2,2023,,QURU,70.1,D,5,2,,,,,,,
Main,IC-2,2023,,FAGR,26.8,I,3,4,3,2,2,3,2,1,
Main,IC-2,2023,,FAGR,23.5,I,5,2,2,3,2,1,2,3,
Main,IC-2,2023,,FAGR,26.3,S,5,2,1,3,2,3,2,1,
Main,IC-2,2023,,SNAG,82.1,DEAD,1,8,,,,,,,
Main,IC-2,2023,,LITU,18.1,I,5,2,,,,,,,
Main,IC-2,2023,,LITU,49.3,D,5,2,,,,,,,
Main,IC-2,2023,,SNAG,72.7,DEAD,1,7,,,,,,,
Main,IC-3,2023,,FAGR,41.5,C,5,2,2,1,2,1,3,3,"#13,vitis"
Main,IC-3,2023,,LITU,28.2,S,5,2,,,,,,,
Main,IC-3,2023,,ACRU,27.7,S,5,2,,,,,,,
Main,IC-3,2023,,ACRU,23.9,S,4,3,,,,,,,
Main,IC-3,2023,,CAOV2,43.1,C,5,1,,,,,,,
Main,IC-3,2023,,ACRU,32.3,S,3,4,,,,,,,
Main,IC-3,2023,,FAGR,16.6,S,5,3,2,1,3,3,4,3,
Main,IC-3,2023,,CAOV2,37.1,C,5,3,,,,,,,
Main,IC-3,2023,,SNAG,18.9,DEAD,1,8,,,,,,,
Main,IC-3,2023,,CAOV2,43.4,C,6,2,,,,,,,
Main,IC-3,2023,,LITU,54.8,D,4,2,,,,,,,
Main,IC-3,2023,,ACRU,33.3,C,6,1,,,,,,,
Main,IC-3,2023,,LITU,63.1,D,5,1,,,,,,,
Main,IC-3,2023,,LITU,15.1,S,5,1,,,,,,,
Main,IC-3,2023,,LITU,49.9,C,6,2,,,,,,,
Main,IC-3,2023,,PLOC,30.2,C,5,2,,,,,,,
Main,IC-4,2023,,FAGR,20.9,DEAD,1,7,7,3,7,3,0,,"#1, tree is dead"
Main,IC-4,2023,,ACSA,38.8,C,5,2,,,,,,,
Main,IC-4,2023,,CARYA,22.4,I,6,1,,,,,,,
Main,IC-4,2023,,ACSA,20.4,S,6,1,,,,,,,
Main,IC-4,2023,,ACSA,24.8,S,6,1,,,,,,,#2
Main,IC-4,2023,,SNAG,21.6,DEAD,1,8,,,,,,,
Main,IC-4,2023,,FAGR,47.5,C,4,3,2,1,3,3,2,2,
Main,IC-4,2023,,FAGR,54.2,C,5,2,2,1,2,1,3,2,
Main,IC-4,2023,,SNAG,13,DEAD,1,8,,,,,,,
Main,IC-4,2023,,PRSE2,40.6,C,4,3,,,,,,,
Main,IC-4,2023,,SNAG,36.1,DEAD,1,8,,,,,,,
Main,IC-4,2023,,FAGR,12.8,S,4,3,2,1,3,3,3,2,
Main,IC-4,2023,,FAGR,17.1,I,5,2,1,3,2,1,3,3,
Main,IC-5,2023,,FAGR,38.7,I,5,2,2,1,2,1,2,0,#545
Main,IC-5,2023,,CAOV2,59.5,D,5,2,,,,,,,#544
Main,IC-5,2023,,SNAG,45,DEAD,1,8,,,,,,,
Main,IC-5,2023,,PRSE2,64.6,D,5,1,,,,,,,
Main,IC-5,2023,,SNAG,31.5,DEAD,1,8,,,,,,,
Main,IC-5,2023,,FAGR,43.1,I,6,2,1,3,2,3,2,0,
Main,IC-5,2023,,FAGR,32.7,C,5,3,2,2,2,3,2,0,
Main,IC-5,2023,,SNAG,16,DEAD,1,7,,,,,,,
Main,IC-5,2023,,ACRU,18.4,S,5,2,,,,,,,
Main,IC-5,2023,,ACSA,15.9,S,6,2,,,,,,,
Main,IC-5,2023,,QUAL,30.5,I,5,2,,,,,,,
Main,IC-6,2023,,FAGR,36.7,C,6,2,2,1,1,3,1,0,#553
Main,IC-6,2023,,FAGR,19.6,S,4,3,1,3,3,3,3,2,
Main,IC-6,2023,,FAGR,13.9,S,5,3,2,1,2,3,3,2,
Main,IC-6,2023,,FAGR,59.2,D,5,2,2,1,2,1,2,1,
Main,IC-6,2023,,QURU,28.5,S,6,1,,,,,,,
Main,IC-6,2023,,SNAG,15.7,DEAD,1,8,,,,,,,
Main,IC-6,2023,,SAAL5,38,C,6,2,,,,,,,
Main,IC-6,2023,,SAAL5,28.4,I,6,1,,,,,,,
Main,IC-6,2023,,ACRU,22.7,S,6,2,,,,,,,
Main,IC-6,2023,,SAAL5,42,C,4,3,,,,,,,
Main,IC-6,2023,,FAGR,30.5,I,5,2,1,3,2,3,2,0,
Main,IC-6,2023,,FAGR,15.7,S,5,3,1,3,3,3,4,2,
Main,IC-7,2023,,FAGR,33.3,C,5,2,2,1,2,3,3,2,#835
Main,IC-7,2023,,FAGR,42.4,D,5,2,2,1,2,3,2,0,Vitis in tree
Main,IC-7,2023,,SNAG,15.5,DEAD,1,8,,,,,,,
Main,IC-7,2023,,ACRU,23.7,I,6,2,,,,,,,
Main,IC-7,2023,,ACRU,36.2,I,5,2,,,,,,,Frost damage
Main,IC-7,2023,,ACRU,32,C,5,2,,,,,,,
Main,IC-7,2023,,FAGR,14.7,I,5,3,2,1,2,3,3,2,
Main,IC-7,2023,,FAGR,29.9,C,5,3,2,1,3,1,3,2,
Main,IC-7,2023,,FAGR,16.5,S,4,3,2,1,3,3,2,2,
Main,IC-7,2023,,ACRU,19.9,I,6,1,,,,,,,
Main,IC-7,2023,,ACSA,22.8,C,6,1,,,,,,,
Main,IC-7,2023,,SNAG,66,DEAD,1,7,,,,,,,half of trunk fell
Main,IC-7,2023,,FAGR,22.5,S,3,4,3,1,4,3,4,3,
Main,IC-7,2023,,FAGR,23,I,4,3,2,1,3,1,3,2,
Main,IC-7,2023,,FAGR,15,S,2,6,5,3,6,3,4,4,
Main,IC-7,2023,,ACRU,39.8,C,5,2,,,,,,,"#836, Vitis in tree"
Main,IC-7,2023,,FAGR,52.6,D,5,2,2,1,2,3,2,0,Vitis in tree
Main,IC-8,2023,,FAGR,32.2,C,5,2,2,1,2,3,2,2,#849
Main,IC-8,2023,,ACSA,30.5,C,5,2,,,,,,,
Main,IC-8,2023,,FAGR,25.7,I,5,2,1,3,2,3,3,3,
Main,IC-8,2023,,ACSA,24.1,I,6,1,,,,,,,
Main,IC-8,2023,,ACSA,23.7,I,5,2,,,,,,,
Main,IC-8,2023,,ACSA,23.6,I,5,3,,,,,,,
Main,IC-8,2023,,ACSA,21.7,I,6,1,,,,,,,#851
Main,IC-8,2023,,FAGR,15,S,3,3,2,3,3,3,2,2,Vitis in tree
Main,IC-8,2023,,ACSA,33.1,C,6,2,,,,,,,
Main,IC-8,2023,,FAGR,17.7,S,3,3,1,3,3,3,3,3,Vitis in tree
Main,IC-8,2023,,ACSA,16.3,I,5,2,,,,,,,
Main,IC-8,2023,,ACSA,18.8,S,5,2,,,,,,,
Main,IC-8,2023,,ACSA,27.7,C,5,2,,,,,,,
Main,IC-8,2023,,FAGR,65.4,D,6,2,1,3,2,3,3,2,
Main,IC-8,2023,,ACSA,20.3,S,6,1,,,,,,,
Main,IC-8,2023,,ACSA,15.9,S,6,1,,,,,,,
Main,IC-8,2023,,ACSA,25.1,I,5,2,,,,,,,
Main,IC-8,2023,,SNAG,35.1,DEAD,1,7,,,,,,,
Main,IC-8,2023,,ACSA,48.7,C,6,2,,,,,,,#848
Main,IC-9,2023,,FAGR,29.5,C,5,2,1,3,2,1,2,2,#275
Main,IC-9,2023,,OSVI,15.4,S,6,1,,,,,,,
Main,IC-9,2023,,ACSA,59.2,C,6,2,,,,,,,
Main,IC-9,2023,,CARYA,34.2,S,6,1,,,,,,,
Main,IC-9,2023,,SNAG,28.8,DEAD,1,8,,,,,,,
Main,IC-9,2023,,SNAG,23.4,DEAD,1,8,,,,,,,
Main,IC-9,2023,,ACSA,15.4,S,6,1,,,,,,,
Main,IC-9,2023,,SNAG,30.3,DEAD,1,8,,,,,,,
Main,IC-9,2023,,SNAG,28.2,DEAD,1,8,,,,,,,
Main,IC-9,2023,,CARYA,34.4,C,5,2,,,,,,,
Main,IC-9,2023,,QURU,55.2,C,6,1,,,,,,,
Main,IC-9,2023,,CARYA,32.6,C,6,1,,,,,,,
Main,IC-9,2023,,SNAG,32.4,DEAD,1,7,,,,,,,
Main,IC-9,2023,,FAGR,39.5,C,4,3,2,1,3,3,3,2,
Main,IC-9,2023,,FAGR,34.5,C,4,2,1,3,3,3,3,2,
Main,IC-9,2023,,ACSA,41.4,I,4,2,,,,,,,
Main,IC-9,2023,,CARYA,45.9,C,5,2,,,,,,,
Main,ICTSI-1,2023,,FAGR,37,C,4,3,2,1,2,3,3,2,#242
Main,ICTSI-1,2023,,ACSA,30.6,I,6,1,,,,,,,
Main,ICTSI-1,2023,,ACSA,46.5,C,6,2,,,,,,,
Main,ICTSI-1,2023,,ACSA,31.5,C,5,1,,,,,,,
Main,ICTSI-1,2023,,SNAG,35.6,S,1,8,,,,,,,
Main,ICTSI-1,2023,,CAOV2,27.2,I,6,1,,,,,,,
Main,ICTSI-1,2023,,QUAL,50.9,C,5,2,,,,,,,
Main,ICTSI-1,2023,,ACSA,20.7,S,5,2,,,,,,,
Main,ICTSI-1,2023,,ACSA,20,S,6,2,,,,,,,
Main,ICTSI-1,2023,,ACSA,20.2,S,6,1,,,,,,,
Main,ICTSI-1,2023,,QUAL,62.9,D,6,2,,,,,,,
Main,ICTSI-1,2023,,CARYA,15.3,S,6,1,,,,,,,
Main,ICTSI-1,2023,,CARYA,15,S,6,1,,,,,,,
Main,ICTSI-10,2023,,FAGR,23.3,C,3,2,1,3,1,3,2,#901,
Main,ICTSI-10,2023,,SNAG,44.1,DEAD,7,,,,,,,,
Main,ICTSI-10,2023,,QURU,21.3,I,2,,,,,,,,
Main,ICTSI-10,2023,,ACSA,13.8,C,1,,,,,,,,
Main,ICTSI-10,2023,,QURU,15.2,I,2,,,,,,,,
Main,ICTSI-10,2023,,ACSA,56.4,C,2,,,,,,,,
Main,ICTSI-10,2023,,PRSE2,16.2,S,2,,,,,,,,
Main,ICTSI-10,2023,,QURU,16.6,I,2,,,,,,,,
Main,ICTSI-10,2023,,ACSA,40.4,D,2,,,,,,,,
Main,ICTSI-10,2023,,SNAG,40.2,DEAD,7,,,,,,,,
Main,ICTSI-10,2023,,ACSA,52.6,C,1,,,,,,,,
Main,ICTSI-10,2023,,FAGR,12.8,I,3,1,3,3,3,3,2,,
Main,ICTSI-2,2023,,FAGR,45.2,C,6,2,1,3,2,3,2,0,#192
Main,ICTSI-2,2023,,FAGR,13.7,S,4,2,1,3,2,3,4,3,
Main,ICTSI-2,2023,,PRSE2,61.4,C,5,1,,,,,,,
Main,ICTSI-2,2023,,FAGR,31.2,C,4,3,2,2,2,3,3,2,
Main,ICTSI-3,2023,,FAGR,28.2,I,5,2,2,1,2,2,1,0,"#187, center"
Main,ICTSI-3,2023,,SNAG,35.7,DEAD,8,,,,,,,,
Main,ICTSI-3,2023,,ACRU,72.3,D,6,2,,,,,,,
Main,ICTSI-3,2023,,ACSA,15.1,S,6,2,,,,,,,
Main,ICTSI-3,2023,,ACSA,21.8,I,6,2,,,,,,,
Main,ICTSI-3,2023,,ACSA,51.6,C,4,3,,,,,,,
Main,ICTSI-3,2023,,ACSA,24.8,I,5,2,,,,,,,
Main,ICTSI-3,2023,,CARYA,23.9,I,5,2,,,,,,,
Main,ICTSI-3,2023,,NYSY,14.7,I,6,1,,,,,,,
Main,ICTSI-3,2023,,ACRU,17.1,I,6,1,,,,,,,
Main,ICTSI-3,2023,,ACRU,12.2,S,6,1,,,,,,,
Main,ICTSI-3,2023,,ACSA,30.7,I,5,2,,,,,,,
Main,ICTSI-3,2023,,LITU,70.9,C,5,1,,,,,,,
Main,ICTSI-3,2023,,FAGR,22.6,S,2,4,2,3,4,3,4,3,
Main,ICTSI-4,2023,,FAGR,27.2,I,4,3,3,1,3,3,3,2,#361
Main,ICTSI-4,2023,,ACSA,40.6,C,5,2,,,,,,,
Main,ICTSI-4,2023,,QURU,15.4,I,6,1,,,,,,,
Main,ICTSI-4,2023,,ACSA,37.6,C,6,1,,,,,,,
Main,ICTSI-4,2023,,FAGR,12.9,I,3,3,2,1,3,3,3,3,
Main,ICTSI-4,2023,,FAGR,12.9,S,2,4,2,1,4,3,4,3,
Main,ICTSI-4,2023,,QURU,24,I,5,2,,,,,,,
Main,ICTSI-4,2023,,QUAL,68.3,D,6,1,,,,,,,
Main,ICTSI-4,2023,,LITU,17.3,I,6,2,,,,,,,
Main,ICTSI-4,2023,,ACRU,17.1,I,5,2,,,,,,,
Main,ICTSI-4,2023,,SNAG,14.4,DEAD,1,8,,,,,,,
Main,ICTSI-4,2023,,ACSA,48.2,C,6,1,,,,,,,
Main,ICTSI-4,2023,,FAGR,28.2,I,4,3,2,1,3,3,3,2,
Main,ICTSI-4,2023,,FAGR,18,S,5,2,1,3,2,1,3,2,Missing top of trunk
Main,ICTSI-4,2023,,FAGR,36.3,C,5,2,1,3,2,1,3,2,
Main,ICTSI-4,2023,,CARYA,65,D,6,1,,,,,,,
Main,ICTSI-5,2023,,FAGR,25.4,I,5,2,2,1,2,3,3,3,#57
Main,ICTSI-5,2023,,ACSA,13.3,I,6,1,,,,,,,
Main,ICTSI-5,2023,,ACSA,15.4,I,6,2,,,,,,,
Main,ICTSI-5,2023,,PRSE2,47,D,6,1,,,,,,,
Main,ICTSI-5,2023,,LITU,41.1,C,6,2,,,,,,,
Main,ICTSI-5,2023,,LITU,42.8,C,6,1,,,,,,,#58
Main,ICTSI-5,2023,,LITU,27.7,I,5,2,,,,,,,Unusually angled trunk
Main,ICTSI-5,2023,,ACSA,17.8,I,6,2,,,,,,,
Main,ICTSI-5,2023,,ACSA,13.8,S,6,1,,,,,,,
Main,ICTSI-5,2023,,FAGR,22.7,I,5,3,1,3,3,3,3,3,
Main,ICTSI-5,2023,,PRSE2,54,D,5,2,,,,,,,
Main,ICTSI-5,2023,,ACSA,16.4,I,5,2,,,,,,,
Main,ICTSI-5,2023,,SNAG,21.7,DEAD,1,8,,,,,,,
Main,ICTSI-5,2023,,ACSA,13.4,S,6,1,,,,,,,
Main,ICTSI-5,2023,,ACSA,30.6,C,6,1,,,,,,,
Main,ICTSI-5,2023,,ACSA,12.8,S,4,2,,,,,,,
Main,ICTSI-5,2023,,FAGR,27.1,S,4,3,2,1,2,3,3,2,Missing top of trunk
Main,ICTSI-5,2023,,SNAG,30.5,DEAD,1,8,,,,,,,
Main,ICTSI-5,2023,,ACSA,14.8,I,6,2,,,,,,,
Main,ICTSI-5,2023,,ACSA,15.8,C,5,1,,,,,,,Canopy gap
Main,ICTSI-6,2023,,FAGR,28.8,I,5,2,2,1,2,1,2,2,#958
Main,ICTSI-6,2023,,SNAG,14.4,DEAD,1,8,,,,,,,
Main,ICTSI-6,2023,,ACSA,16.8,I,6,2,,,,,,,
Main,ICTSI-6,2023,,POTR5,48,D,6,1,,,,,,,
Main,ICTSI-6,2023,,FAGR,27.7,I,2,4,2,3,3,3,4,2,BBD?
Main,ICTSI-6,2023,,ACSA,54.4,C,6,2,,,,,,,
Main,ICTSI-6,2023,,ACSA,21.6,S,6,1,,,,,,,
Main,ICTSI-6,2023,,ACSA,53.4,C,5,2,,,,,,,
Main,ICTSI-6,2023,,FAGR,13.9,S,5,2,2,3,2,3,2,1,
Main,ICTSI-6,2023,,PRSE2,31.2,C,5,2,,,,,,,
Main,ICTSI-6,2023,,FAGR,37.4,C,5,2,2,1,2,1,3,2,
Main,ICTSI-6,2023,,SNAG,27.2,DEAD,1,8,,,,,,,
Main,ICTSI-6,2023,,LITU,27,I,5,2,,,,,,,
Main,ICTSI-6,2023,,LITU,23.3,C,5,2,,,,,,,
Main,ICTSI-7,2023,,FAGR,24.3,I,5,2,2,1,2,1,2,2,#923
Main,ICTSI-7,2023,,FAGR,57.9,C,5,2,1,3,2,3,2,0,
Main,ICTSI-7,2023,,FAGR,17,I,4,3,2,1,2,3,3,2,
Main,ICTSI-7,2023,,FAGR,13.6,S,4,2,2,2,2,3,3,2,
Main,ICTSI-7,2023,,ACSA,24.4,I,5,2,,,,,,,#63
Main,ICTSI-7,2023,,FAGR,13.7,S,3,3,1,3,3,3,3,1,
Main,ICTSI-7,2023,,FAGR,21.1,I,3,3,2,1,2,3,3,2,
Main,ICTSI-7,2023,,FAGR,31.6,I,4,3,2,3,2,3,3,2,Missing top
Main,ICTSI-7,2023,,FAGR,27.8,I,5,2,1,3,2,3,2,1,
Main,ICTSI-7,2023,,FAGR,35.5,I,5,3,2,3,2,3,2,2,
Main,ICTSI-7,2023,,FAGR,35.6,C,5,2,1,3,2,3,2,0,
Main,ICTSI-7,2023,,FAGR,43.1,C,5,2,2,1,2,2,2,2,
Main,ICTSI-7,2023,,FAGR,18.9,S,5,3,1,3,3,3,3,2,Brown spots
Main,ICTSI-8,2023,,FAGR,28.2,I,5,2,2,1,2,3,4,2,#929
Main,ICTSI-8,2023,,LITU,31,C,5,2,,,,,,,
Main,ICTSI-8,2023,,LITU,54,D,6,2,,,,,,,
Main,ICTSI-8,2023,,LITU,24.6,S,6,1,,,,,,,
Main,ICTSI-8,2023,,LITU,27,S,5,1,,,,,,,#930
Main,ICTSI-8,2023,,LITU,39.6,I,6,1,,,,,,,
Main,ICTSI-8,2023,,ACRU,17.6,S,6,2,,,,,,,
Main,ICTSI-8,2023,,FAGR,56.7,D,5,2,2,1,2,1,3,2,
Main,ICTSI-8,2023,,FAGR,32.3,I,4,2,2,2,2,1,4,3,#931
Main,ICTSI-8,2023,,SNAG,16,DEAD,1,8,,,,,,,
Main,ICTSI-8,2023,,ACSA,75,C,6,2,,,,,,,
Main,ICTSI-8,2023,,QURU,16,C,6,1,,,,,,,
Main,ICTSI-8,2023,,SAAL5,13.3,S,5,2,,,,,,,
Main,ICTSI-9,2023,,FAGR,23.9,I,2,1,3,2,3,3,3,#805,
Main,ICTSI-9,2023,,ACSA,29.7,I,2,,,,,,,,
Main,ICTSI-9,2023,,FAGR,47.1,C,2,1,3,2,2,3,2,BBD?,
Main,ICTSI-9,2023,,ACSA,28.5,I,2,,,,,,,,
Main,ICTSI-9,2023,,SNAG,57.7,DEAD,8,,,,,,,,
Main,ICTSI-9,2023,,FAGR,20.8,I,2,1,3,2,3,2,1,,
Main,ICTSI-9,2023,,FAGR,17.4,I,2,1,3,2,3,3,3,,
Main,ICTSI-9,2023,,FAGR,19.3,I,2,1,3,2,3,3,2,,
Main,ICTSI-9,2023,,ACSA,40.4,D,1,,,,,,,,
Main,ICTSI-9,2023,,PRSE2,18.1,C,2,,,,,,,,
Main,ICTSI-9,2023,,FAGR,16.5,S,2,2,1,2,3,4,2,,
Main,ICTSI-9,2023,,PRSE2,17.2,I,1,,,,,,,,
Main,ICTSI-9,2023,,FAGR,14,S,2,2,2,2,3,3,2,,
Main,NP-01,2023,,FAGR,29.4,I,6,2,1,3,2,3,0,0,
Main,NP-01,2023,,BETULA,35.8,C,6,1,,,,,,,
Main,NP-01,2023,,BETULA,29.4,C,6,1,,,,,,,
Main,NP-01,2023,,TSCA,27.5,S,3,5,,,,,,,
Main,NP-01,2023,,TSCA,18.4,S,4,4,,,,,,,
Main,NP-01,2023,,QUCO,86.9,D,6,2,,,,,,,
Main,NP-01,2023,,TSCA,37.5,C,5,3,,,,,,,
Main,NP-01,2023,,TSCA,36.2,I,4,3,,,,,,,
Main,NP-01,2023,,BETULA,25.9,I,6,1,,,,,,,
Main,NP-01,2023,,ULRU,27.6,I,5,2,,,,,,,
Main,NP-01,2023,,SNAG,53.2,DEAD,1,8,,,,,,,
Main,NP-01,2023,,ACSA,31.9,C,6,2,,,,,,,
Main,NP-02,2023,,FAGR,40.9,S,6,2,1,3,2,3,1,0,Carvings in trunk
Main,NP-02,2023,,QURU,66.9,C,5,2,,,,,,,
Main,NP-02,2023,,QURU,24.3,S,4,3,,,,,,,
Main,NP-02,2023,,QUAL,63.6,C,5,2,,,,,,,
Main,NP-02,2023,,QUAL,60.9,C,6,2,,,,,,,
Main,NP-02,2023,,QUAL,55.5,C,6,1,,,,,,,
Main,NP-02,2023,,QUAL,50.5,C,6,2,,,,,,,
Main,NP-02,2023,,QUVE,70.3,C,5,2,,,,,,,
Main,NP-02,2023,,QURU,47,C,6,2,,,,,,,
Main,NP-02,2023,,ACSA,17,S,6,2,,,,,,,
Main,NP-02,2023,,QUAL,40.6,C,6,2,,,,,,,
Main,NP-03,2023,,FAGR,36.4,I,4,4,2,3,4,3,3,3,Scratches on trunk
Main,NP-03,2023,,FAGR,47.3,I,4,3,1,3,4,3,3,2,
Main,NP-03,2023,,QUAL,56.7,C,6,2,,,,,,,
Main,NP-03,2023,,SNAG,25.6,DEAD,1,7,,,,,,,
Main,NP-03,2023,,FAGR,39.8,C,3,4,2,3,3,3,3,2,
Main,NP-03,2023,,ACRU,22,S,6,2,,,,,,,
Main,NP-03,2023,,QURU,73.9,D,6,2,,,,,,,
Main,PB-1,2023,,FAGR,44.2,C,3,3,3,2,3,3,3,3,Center
Main,PB-1,2023,,FAGR,88.6,D,3,1,2,3,2,3,3,2,
Main,PB-1,2023,,FAGR,14.7,S,2,4,5,3,5,3,4,2,
Main,PB-1,2023,,ACSA,16,S,5,2,,,,,,,
Main,PB-1,2023,,FAGR,18.5,C,3,3,2,3,3,3,4,2,
Main,PB-1,2023,,ACSA,31.9,I,5,2,,,,,,,
Main,PB-1,2023,,FAGR,24.5,C,3,4,2,3,4,3,3,2,Brown in vein margins 
Main,PB-1,2023,,ACSA,22.7,I,6,1,,,,,,,
Main,PC-1,2023,Control,FAGR,5.6,S,3,2,1,,2,3,3,2,Center plot
Main,PC-1,2023,Control,QURU,89.5,D,6,2,,,,,,,#467
Main,PC-1,2023,Control,ACSA,30,I,6,2,,,,,,,#464
Main,PC-1,2023,Control,ACSA,25.9,I,6,1,,,,,,,#462
Main,PC-1,2023,Control,ACSA,24.3,I,5,2,,,,,,,
Main,PC-1,2023,Control,QURU,90,D,6,1,,,,,,,#484
Main,PC-1,2023,Control,ACSA,29.8,I,5,2,,,,,,,#483
Main,PC-1,2023,Control,QURU,89.3,D,6,3,,,,,,,#469
Main,PC-1,2023,Control,ACSA,25.8,I,6,1,,,,,,,#468
Main,PC-10,2023,X-Trt,FAGR,3.2,S,3,5,2,1,4,3,3,3,
Main,PC-10,2023,X-Trt,SNAG,20.5,,,8,,,,,,,#770
Main,PC-10,2023,X-Trt,QUAL,>50,D,5,2,,,,,,,"In deer fence, didn't measure"
Main,PC-10,2023,X-Trt,ACSA,28.7,C,5,2,,,,,,,
Main,PC-10,2023,X-Trt,TSCA,19.3,S,5,2,,,,,,,
Main,PC-10,2023,X-Trt,ACSA,41.3,C,5,2,,,,,,,#768
Main,PC-10,2023,X-Trt,QURU,77.6,D,5,3,,,,,,,#772
Main,PC-11,2023,Lime,FAGR,2,S,2,4,3,3,3,3,3,2,
Main,PC-11,2023,Lime,QURU,14.5,S,5,2,,,,,,,#795
Main,PC-11,2023,Lime,QUAL,81.8,D,5,3,,,,,,,#797
Main,PC-11,2023,Lime,ACSA,36.3,C,6,1,,,,,,,#796
Main,PC-11,2023,Lime,QURU,44.4,C,5,2,,,,,,,#804
Main,PC-11,2023,Lime,QURU,48.7,C,5,2,,,,,,,#805
Main,PC-11,2023,Lime,FAGR,12.7,I,4,3,3,3,3,3,3,2,#806
Main,PC-11,2023,Lime,QUPR2,13.5,I,5,2,,,,,,,#812
Main,PC-11,2023,Lime,QUAL,27.6,C,6,1,,,,,,,
Main,PC-11,2023,Lime,QURU,51.9,D,4,3,,,,,,,#815
Main,PC-11,2023,Lime,QURU,42,D,5,2,,,,,,,#816
Main,PC-11,2023,Lime,QURU,31.7,C,5,2,,,,,,,"#817, scratched tag"
Main,PC-12,2023,Control,FAGR,9.2,S,3,3,2,3,3,3,3,3,#854
Main,PC-12,2023,Control,ACSA,19.1,I,6,1,,,,,,,#859
Main,PC-12,2023,Control,QURU,59.1,D,5,2,,,,,,,#843
Main,PC-12,2023,Control,CAOV,58.3,D,6,1,,,,,,,#842
Main,PC-12,2023,Control,ACSA,14.4,I,6,1,,,,,,,#844
Main,PC-12,2023,Control,ACSA,23.3,I,6,1,,,,,,,#846
Main,PC-12,2023,Control,CARYA,20.3,I,6,1,,,,,,,"#853, took pic"
Main,PC-12,2023,Control,QURU,51.5,D,5,2,,,,,,,#848
Main,PC-12,2023,Control,LITU,56.7,D,4,3,,,,,,,#849
Main,PC-12,2023,Control,LITU,57,D,5,2,,,,,,,
Main,PC-12,2023,Control,ACRU,33.3,C,5,2,,,,,,,#8? tag destroyed
Main,PC-12,2023,Control,LITU,44.3,C,5,2,,,,,,,#856
Main,PC-12,2023,Control,LITU,69.2,D,4,3,,,,,,,#8? tag destroyed
Main,PC-2,2023,X-Trt,FAGR,12.5,S,2,5,5,3,5,3,3,3,"tag # 525, curved"
Main,PC-2,2023,X-Trt,ACSA,18.5,,4,2,,,,,,,
Main,PC-2,2023,X-Trt,LITU,24.4,I,6,2,,,,,,,
Main,PC-2,2023,X-Trt,ACRU,24.3,I,5,1,,,,,,,
Main,PC-2,2023,X-Trt,OSVI,14.6,S,5,2,,,,,,,
Main,PC-2,2023,X-Trt,ACSA,23.1,S,6,1,,,,,,,
Main,PC-2,2023,X-Trt,TSCA,20.6,S,6,1,,,,,,,
Main,PC-2,2023,X-Trt,QURU,73.5,C,6,1,,,,,,,
Main,PC-2,2023,X-Trt,ACSA,51.5,C,6,1,,,,,,,
Main,PC-2,2023,X-Trt,SNAG,44.6,,,,,,,,,,
Main,PC-2,2023,X-Trt,ACSA,30.6,I,6,2,,,,,,,
Main,PC-2,2023,X-Trt,QURU,35.5,C,5,2,,,,,,,
Main,PC-2,2023,X-Trt,FAGR,12.7,S,3,5,6,3,4,3,4,3,
Main,PC-2,2023,X-Trt,FAGR,16.5,S,4,3,3,2,2,3,4,2,
Main,PC-2,2023,X-Trt,QURU,70.6,D,6,3,,,,,,,
Main,PC-3,2023,TSP,FAGR,7.1,S,5,2,1,,2,3,3,2,#981
Main,PC-3,2023,TSP,QURU,72.6,D,5,1,,,,,,,#563
Main,PC-3,2023,TSP,ACSA,32.2,I,6,1,,,,,,,
Main,PC-3,2023,TSP,QURU,78.7,D,5,2,,,,,,,"#582, scratched out tag"
Main,PC-3,2023,TSP,QURU,93.4,D,5,2,,,,,,,#580
Main,PC-3,2023,TSP,ACSA,35.6,I,5,2,,,,,,,#579
Main,PC-3,2023,TSP,QURU,66.5,D,5,2,,,,,,,#565
Main,PC-3,2023,TSP,ACSA,30.6,I,6,1,,,,,,,#566
Main,PC-3,2023,TSP,ACSA,31.5,S,6,1,,,,,,,
Main,PC-3,2023,TSP,QURU,63.2,D,5,2,,,,,,,
Main,PC-3,2023,TSP,ACSA,26.1,S,6,1,,,,,,,
Main,PC-4,2023,Lime,FAGR,11.8,S,4,3,2,3,4,3,4,3,"#533, curved trunk"
Main,PC-4,2023,Lime,QURU,105.3,D,5,3,,,,,,,#556
Main,PC-4,2023,Lime,ACSA,25.5,C,6,1,,,,,,,#553
Main,PC-4,2023,Lime,QURU,101.3,D,5,2,,,,,,,
Main,PC-4,2023,Lime,SNAG,22.3,,1,8,,,,,,,#551
Main,PC-4,2023,Lime,ACSA,43.7,C,6,1,,,,,,,#538
Main,PC-4,2023,Lime,ACSA,22,I,6,2,,,,,,,#549
Main,PC-4,2023,Lime,SNAG,14,,,8,,,,,,,#540
Main,PC-4,2023,Lime,ACSA,46.8,C,6,1,,,,,,,#574 OR #534 can't read
Main,PC-4,2023,Lime,ACSA,23.2,S,6,1,,,,,,,#530 can't read
Main,PC-4,2023,Lime,ACSA,30.5,C,5,2,,,,,,,#528
Main,PC-5,2023,Lime,FAGR,6.2,S,3,3,2,1,2,3,3,2,
Main,PC-5,2023,Lime,ACSA,51,C,6,1,,,,,,,
Main,PC-5,2023,Lime,CARYA,45.7,C,6,1,,,,,,,
Main,PC-5,2023,Lime,ACSA,34.4,I,6,1,,,,,,,
Main,PC-5,2023,Lime,QURU,70.4,D,6,1,,,,,,,#636
Main,PC-5,2023,Lime,QURU,90.3,D,4,3,,,,,,,
Main,PC-5,2023,Lime,ACSA,18.6,S,6,1,,,,,,,
Main,PC-5,2023,Lime,ACSA,26.4,I,5,2,,,,,,,#597
Main,PC-5,2023,Lime,ACSA,49.5,C,5,1,,,,,,,#599
Main,PC-5,2023,Lime,ACSA,22,S,6,2,,,,,,,#606
Main,PC-5,2023,Lime,ACSA,21.7,I,5,2,,,,,,,#607
Main,PC-5,2023,Lime,ACSA,55.2,C,6,1,,,,,,,#608
Main,PC-6,2023,Control,FAGR,3.8,S,2,6,5,3,5,3,4,3,browning leaves
Main,PC-6,2023,Control,CARYA,38.5,C,5,1,,,,,,,#640
Main,PC-6,2023,Control,ACSA,21.9,I,6,1,,,,,,,#639
Main,PC-6,2023,Control,ACSA,20.1,I,6,1,,,,,,,#626
Main,PC-6,2023,Control,QURU,70.1,D,6,1,,,,,,,#636
Main,PC-6,2023,Control,QURU,90.2,D ,5,2,,,,,,,possible overlap with PC-5
Main,PC-6,2023,Control,ACSA,18.4,S,6,1,,,,,,,overlap with PC-5
Main,PC-6,2023,Control,ACSA,48.1,C,6,1,,,,,,,split stem
Main,PC-6,2023,Control,ACSA,20.1,S,5,2,,,,,,,split stem
Main,PC-6,2023,Control,ACSA,23.6,I,5,2,,,,,,,#644
Main,PC-6,2023,Control,ACRU,44.8,I,5,2,,,,,,,#621
Main,PC-6,2023,Control,QURU,92.8,D,5,2,,,,,,,#623
Main,PC-6,2023,Control,QURU,65.7,D,5,2,,,,,,,#624
Main,PC-8,2023,X-Trt,FAGR,6.1,S,4,3,1,,3,3,4,2,
Main,PC-8,2023,X-Trt,ACSA,299,C,6,1,,,,,,,#704
Main,PC-8,2023,X-Trt,ACSA,18.6,I,6,1,,,,,,,#689
Main,PC-8,2023,X-Trt,,44.5,C,5,1,,,,,,,"#639, CHECK ID"
Main,PC-8,2023,X-Trt,ACSA,49.1,C,6,1,,,,,,,"#691, CHECK ID"
Main,PC-8,2023,X-Trt,ACSA,16.9,S,6,1,,,,,,,#703
Main,PC-8,2023,X-Trt,ACSA,56,C,5,2,,,,,,,
Main,PC-8,2023,X-Trt,ACSA,39.4,C,6,2,,,,,,,#707
Main,PC-8,2023,X-Trt,SNAG,51.7,DEAD,1,8,,,,,,,
Main,PC-9,2023,TSP,FAGR,9,S,3,3,2,3,3,3,4,3,#743
Main,PC-9,2023,TSP,ACSA,63.9,D,6,1,,,,,,,#747
Main,PC-9,2023,TSP,FAGR,12.9,S,4,2,2,2,2,3,3,2,"#728, top of trunk is missing"
Main,PC-9,2023,TSP,ACSA,41.5,D,5,2,,,,,,,#725
Main,PC-9,2023,TSP,ACSA,31.5,C,6,1,,,,,,,#726
Main,PC-9,2023,TSP,ACSA,34.5,I,1,6,,,,,,,#747
Main,PC-9,2023,TSP,ACSA,20.9,I,6,2,,,,,,,#745
Main,PC-9,2023,TSP,ACRU,22.4,I,6,2,,,,,,,
Main,PC-9,2023,TSP,QUAL,55.6,D,5,2,,,,,,,
Main,PC-9,2023,TSP,QURU,17.7,I,5,2,,,,,,,
Main,PC-9,2023,TSP,QURU,23.3,C,5,2,,,,,,,
Main,PC-9,2023,TSP,QURU,14.8,S,5,2,,,,,,,#738
Main,PC-9,2023,TSP,ACSA,15,I,5,2,,,,,,,#733
Main,RH-1,2023,,FAGR,58.6,C,6,2,1,3,2,3,0,0,
Main,RH-1,2023,,FAGR,44,C,6,2,2,2,1,3,0,0,
Main,RH-1,2023,,FAGR,29,I,6,2,1,3,2,3,0,0,
Main,RH-1,2023,,FAGR,48,C,5,2,1,3,2,3,0,0,
Main,RH-1,2023,,FAGR,52,C,6,1,1,3,1,3,0,0,
Main,RH-1,2023,,FAGR,40.5,C,6,2,1,3,2,3,0,0,
Main,RH-1,2023,,FAGR,40,C,6,1,1,3,1,3,0,0,
Main,RH-1,2023,,FAGR,46,C,6,2,1,3,2,3,0,0,
Main,RH-1,2023,,FAGR,24.5,S,6,2,1,3,2,3,0,0,
Main,RH-1,2023,,ACSA,55,S,5,2,,,,,,,
Main,RH-1,2023,,ULRU,24.5,S,3,3,,,,,,,
Main,RH-1,2023,,CARYA,37.5,C,6,1,,,,,,,
Main,SB-1,2023,,FAGR,64.3,C,5,2,2,1,3,3,2,0,SCI-41
Main,SB-1,2023,,FAGR,61.6,C,5,2,3,3,2,1,1,0,SCI-43
Main,SB-1,2023,,FAGR,51.4,C,5,2,1,3,2,3,2,0,
Main,SB-1,2023,,ACSA,20.1,I,6,2,,,,,,,
Main,SB-1,2023,,SNAG,51.7,DEAD,1,7,,,,,,,"SCI-45, FAGR"
Main,SB-1,2023,,FAGR,15.8,S,6,1,1,3,2,3,2,0,3 symptom is dominant in bottom of crown
Main,SB-1,2023,,FAGR,13,I,4,2,2,2,2,3,3,3,
Main,SB-1,2023,,FAGR,17.2,I,5,3,2,1,3,3,2,0,sever curve
Main,SB-1,2023,,ACSA,23.5,C,6,1,,,,,,,
Main,SB-1A,2023,,FAGR,95.2,C,5,2,2,3,1,3,1,0,#922
Main,SB-1A,2023,,FAGR,14.8,S,4,3,2,3,3,3,2,0,#926
Main,SB-1A,2023,,ACSA,85.5,C,5,2,,,,,,,
Main,SB-1A,2023,,ACSA,14.3,S,5,2,,,,,,,
Main,SB-1A,2023,,FAGR,49.2,C,3,3,2,3,3,3,2,2,
Main,SB-1B,2023,,FAGR,88.5,C,4,3,2,1,3,1,3,3,#931
Main,SB-1B,2023,,SNAG,20.6,D,1,8,,,,,,,
Main,SB-1B,2023,,ACSA,23.7,I,6,2,,,,,,,
Main,SB-1B,2023,,ACSA,20.6,I,6,1,,,,,,,
Main,SB-1B,2023,,FAGR,117.7,C,6,2,2,1,1,3,1,0,Major rotting at base
Main,SB-1B,2023,,ACSA,32.2,I,5,2,,,,,,,#932
Main,SB-1B,2023,,FAGR,34.3,C,4,3,2,1,3,1,3,3,#933
Main,SB-1B,2023,,ACSA,17.5,I,5,1,,,,,,,
Main,SB-1B,2023,,ACSA,45.4,C,6,2,,,,,,,
Main,SB-1B,2023,,FAGR,13.2,S,4,2,1,3,2,3,3,2,#929
Main,SB-1B,2023,,ACSA,15.8,S,6,1,,,,,,,#930
Main,SB-2,2023,,FAGR,55.8,C,3,3,3,1,3,3,3,3,"#551/SB-1 41, Center"
Main,SB-2,2023,,ACSA,45.7,I,6,,,,,,,,
Main,SB-2,2023,,ACSA,19.5,I,6,,,,,,,,
Main,SB-2,2023,,ACSA,60.9,C,5,,,,,,,,
Main,SB-2,2023,,ACSA,16.7,I,6,,,,,,,,
Main,SB-2,2023,,ACSA,34,C,5,,,,,,,,
Main,SB-2,2023,,ACSA,56,C,6,,,,,,,,
Main,SB-2,2023,,FAGR,19.1,I,4,1,3,3,3,3,3,2,
Main,SB-2,2023,,ACSA,82.4,D,6,,,,,,,,
Main,SB-2,2023,,FAGR,44.8,C,4,1,3,3,3,3,3,3,
Main,SB-2A,2023,,FAGR,93.1,C,4,2,2,1,2,3,3,2,"signif rotting aroudn base, #896"
Main,SB-2A,2023,,ACSA,13.7,S,6,1,,,,,,,
Main,SB-2A,2023,,ACSA,17.7,S,6,1,,,,,,,
Main,SB-2A,2023,,FAGR,16.9,S,4,2,1,3,2,3,3,2,
Main,SB-2A,2023,,ACSA,15.2,S,6,1,,,,,,,
Main,SB-2A,2023,,ACSA,14.6,S,6,1,,,,,,,Missing top part of trunk
Main,SB-2A,2023,,ACSA,15.7,I,6,2,,,,,,,
Main,SB-2A,2023,,ACSA,71.8,D,6,1,,,,,,,
Main,SB-2A,2023,,ACSA,17.7,S,5,2,,,,,,,
Main,SB-2A,2023,,ACSA,18.3,I,6,1,,,,,,,
Main,SB-2B,2023,,FAGR,28.3,I,5,3,1,3,3,3,3,3,#910
Main,SB-2B,2023,,FAGR,64.1,C,5,2,2,1,2,3,3,2,#911
Main,SB-2B,2023,,FAGR,14.4,S,2,6,4,3,5,3,3,2,tipped over >45°
Main,SB-2B,2023,,FAGR,32.8,C,4,3,2,1,3,3,3,0,
Main,SB-2B,2023,,FAGR,16,I,4,3,1,3,3,3,2,1,
Main,SB-2B,2023,,FAGR,66.8,D,6,2,2,2,1,3,1,0,
Main,SB-3A,2023,,FAGR,63.4,C,4,2,1,3,2,3,2,2,
Main,SB-3A,2023,,LITU,112.3,D,6,1,,,,,,,
Main,SB-3A,2023,,FAGR,18.4,I,4,2,1,3,2,3,1,1,
Main,SB-3A,2023,,FAGR,18.9,I,3,2,1,3,2,2,3,2,
Main,SB-3A,2023,,SNAG,13.9,DEAD,1,7,,,,,,,
Main,SB-3A,2023,,FAGR,83.5,C,6,2,2,1,2,1,2,0,
Main,SB-3A,2023,,ACSA,15.3,I,5,2,,,,,,,
Main,SB-3A,2023,,ACSA,16.9,I,6,1,,,,,,,
Main,SB-3A,2023,,ACSA,20.3,S,6,1,,,,,,,
Main,SB-3B,2023,,FAGR,52,C,5,3,2,1,3,3,2,0,
Main,SB-3B,2023,,FAGR,62,C,5,2,2,1,2,3,1,0,
Main,SB-3B,2023,,ACSA,15.2,S,6,1,,,,,,,
Main,SB-3B,2023,,ACSA,14.3,I,6,1,,,,,,,
Main,SB-3B,2023,,FAGR,37,C,5,2,1,3,2,3,2,3,
Main,SB-3B,2023,,ACSA,31.2,C,6,2,,,,,,,
Main,SC-1,2023,Lime,FAGR,33.8,I,4,2,2,3,3,3,2,3,#2
Main,SC-1,2023,Lime,QURU,62,D,5,3,,,,,,,#3
Main,SC-1,2023,Lime,QURU,76.9,C,6,2,,,,,,,
Main,SC-1,2023,Lime,QURU,77.5,C,5,2,,,,,,,
Main,SC-1,2023,Lime,SNAG,44.3,DEAD,1,8,,,,,,,#14
Main,SC-1,2023,Lime,ACSA,33.6,C,4,3,,,,,,,#17
Main,SC-1,2023,Lime,ACRU,68.4,C,5,2,,,,,,,
Main,SC-1,2023,Lime,ACRU,46.6,C,5,2,,,,,,,#1
Main,SC-10,2023,TSP,FAGR,5.1,S,2,5,4,3,4,3,3,3,brown leaf pest
Main,SC-10,2023,TSP,ACSA,77.9,D,6,2,,,,,,,#419
Main,SC-10,2023,TSP,SNAG,26.9,DEAD,6,2,,,,,,,trunk broken
Main,SC-10,2023,TSP,ACSA,43.9,C,6,2,,,,,,,#444
Main,SC-10,2023,TSP,ACSA,39.5,C,3,3,,,,,,,
Main,SC-10,2023,TSP,ACSA,13,S,4,3,,,,,,,"#446, tipped over"
Main,SC-10,2023,TSP,ACSA,79.4,D,4,3,,,,,,,#440
Main,SC-10,2023,TSP,ACSA,15.5,I,5,2,,,,,,,#438
Main,SC-3,2023,TSP,FAGR,5,S,4,2,1,3,2,2,3,3,brown leaf pest
Main,SC-3,2023,TSP,ACRU,73.4,D,5,2,,,,,,,
Main,SC-3,2023,TSP,ACRU,55.5,D,6,1,,,,,,,#152
Main,SC-3,2023,TSP,ACRU,79,D,6,1,,,,,,,#153
Main,SC-3,2023,TSP,FAGR,15.2,S,5,2,1,3,2,3,2,2,
Main,SC-3,2023,TSP,ACSA,35.2,I,5,2,,,,,,,
Main,SC-3,2023,TSP,ACSA,43.2,C,6,2,,,,,,,
Main,SC-3,2023,TSP,ACSA,13.4,S,6,2,,,,,,,
Main,SC-3,2023,TSP,SNAG,15.4,DEAD,1,8,,,,,,,#146
Main,SC-5,2023,Control,FAGR,14.1,S,5,2,2,3,2,3,2,3,"#243, broken trunk"
Main,SC-5,2023,Control,ACSA,27.9,C,5,2,,,,,,,
Main,SC-5,2023,Control,ACRU,36.2,C,6,2,,,,,,,
Main,SC-5,2023,Control,ACRU,17.7,S,6,1,,,,,,,#252
Main,SC-5,2023,Control,ACRU,18,I,6,1,,,,,,,#251
Main,SC-5,2023,Control,ACRU,18.1,S,5,2,,,,,,,#248
Main,SC-5,2023,Control,ACRU,12.8,S,6,1,,,,,,,#250
Main,SC-5,2023,Control,QURU,77.7,D,5,2,,,,,,,#233
Main,SC-5,2023,Control,QURU,65.6,D,5,3,,,,,,,#239
Main,SC-5,2023,Control,ACSA,30.7,S,2,5,,,,,,,#242
Main,SC-5,2023,Control,CARYA,18.6,I,5,2,,,,,,,5 LEAFLETS
Main,SC-5,2023,Control,ACSA,61.8,D,5,3,,,,,,,
Main,SC-5,2023,Control,ACSA2,18.6,S,5,2,,,,,,,
Main,SC-7,2023,Lime,FAGR,7,S,3,3,2,2,3,3,3,2,#335
Main,SC-7,2023,Lime,ACSA,42.6,I,5,2,,,,,,,
Main,SC-7,2023,Lime,PRSE2,13.7,I,4,2,,,,,,,#332
Main,SC-7,2023,Lime,ACSA,40.3,C,6,1,,,,,,,#331
Main,SC-7,2023,Lime,ACSA,53.4,D,6,1,,,,,,,#323
Main,SC-7,2023,Lime,ACSA,13,S,4,2,,,,,,,"#299, bent trunk"
Main,SC-7,2023,Lime,FAGR,20.5,I,3,3,2,3,3,3,3,3,#298
Main,SC-7,2023,Lime,FAGR,72.1,D,5,2,2,3,2,3,2,2,#294
Main,SC-7,2023,Lime,FAGR,37.8,C,5,2,2,2,1,3,2,2,#296
Main,SC-7,2023,Lime,FAGR,16,S,4,2,3,3,2,3,2,2,#297
Main,SC-7,2023,Lime,SNAG,28.4,DEAD,1,8,,,,,,,
Main,SC-8,2023,X-trt,FAGR,57.2,C,4,3,2,3,3,3,2,2,#363
Main,SC-8,2023,X-trt,FAGR,48.5,C,4,2,1,3,2,3,1,1,#362
Main,SC-8,2023,X-trt,PRSE2,67.2,D,4,3,,,,,,,
Main,SC-8,2023,X-trt,ACSA,27.3,I,6,1,,,,,,,#361
Main,SC-8,2023,X-trt,ACSA,41.2,D,3,3,,,,,,,"#360, in canopy gap"
Main,SC-8,2023,X-trt,ACSA,21.7,I,2,5,,,,,,,#343
Main,SC-8,2023,X-trt,SNAG,52.6,DEAD,1,7,,,,,,,#342
Main,SC-8,2023,X-trt,SNAG,37.4,DEAD,1,7,,,,,,,#366
Main,SC-8,2023,X-trt,FAGR,38.9,C,5,2,1,3,2,3,2,2,#365
Main,SC-8,2023,X-trt,SAAL5,48.1,I,2,6,,,,,,,#369
Main,SC-8,2023,X-trt,FAGR,16.1,I,5,2,1,3,2,3,2,2,#368
Main,SC-8,2023,X-trt,ACRU,44.8,C,6,2,,,,,,,#364
Main,SC-9,2023,Control,FAGR,12.2,I,2,3,3,3,4,1,4,2,"#935, split stem measured larger"
Main,SC-9,2023,Control,SNAG,44.7,DEAD,1,8,,,,,,,#399
Main,SC-9,2023,Control,SNAG,43.9,DEAD,1,7,,,,,,,#401
Main,SC-9,2023,Control,ACRU,23.8,I,6,2,,,,,,,#372
Main,SC-9,2023,Control,LITU,69.4,D,6,1,,,,,,,#370
Main,SC-9,2023,Control,ACSA,35.8,C,5,2,,,,,,,
Main,SC-9,2023,Control,ACSA,19.3,I,6,2,,,,,,,#374
Main,SC-9,2023,Control,SNAG,28.3,DEAD,1,8,,,,,,,#377
Main,SC-9,2023,Control,ACSA,77.1,D,6,2,,,,,,,"#378, hollow on one side"
Main,SC-9,2023,Control,SNAG,22.6,DEAD,1,8,,,,,,,#393
Main,SC-9,2023,Control,SNAG,36.5,DEAD,1,7,,,,,,,#392
Main,SC-9,2023,Control,SNAG,48.1,DEAD,1,7,,,,,,,#396
Main,SC-9,2023,Control,LITU,16.4,C,6,1,,,,,,,edge of canopy gap
Main,SP-1,2023,,FAGR,35.5,C,6,2,2,2,2,2,0,0,BROWN SPOTS ON LEAVES
Main,SP-1,2023,,QURU,56,C,6,1,,,,,,,
Main,SP-1,2023,,FAGR,62.7,C,6,2,2,1,2,3,0,0,
Main,SP-1,2023,,PRSE2,65.5,I,3,5,,,,,,,
Main,SP-1,2023,,SNAG,12.7,DEAD,1,7,,,,,,,
Main,SP-1,2023,,ACRU,24.5,S,6,2,,,,,,,
Main,SP-1,2023,,QUCO2,59.4,C,5,2,,,,,,,
Main,SP-1,2023,,ACRU,19.8,S,5,2,,,,,,,
Main,SP-1,2023,,SNAG,13,DEAD,1,7,,,,,,,
Main,SP-1,2023,,PRSE2,43.8,C,5,2,,,,,,,
Main,SP-1,2023,,FAGR,27.1,S,6,2,1,3,2,3,0,0,BROWN SPOTS ON LEAVES
Main,SP-1,2023,,ACRU,19.3,S,5,2,,,,,,,
Main,SP-2,2023,,FAGR,43.3,C,6,2,1,3,2,1,0,0,
Main,SP-2,2023,,PRSE2,31.7,I,4,2,,,,,,,
Main,SP-2,2023,,ACRU,14.6,S,5,2,,,,,,,
Main,SP-2,2023,,ACRU,20.5,S,5,3,,,,,,,
Main,SP-2,2023,,QURU,75.1,C,5,2,,,,,,,
Main,SP-2,2023,,ACRU,20,S,5,3,,,,,,,
Main,SP-2,2023,,ACRU,18.7,S,6,2,,,,,,,
Main,SP-2,2023,,SNAG,67.5,DEAD,1,8,,,,,,,
Main,SP-2,2023,,ACRU,14.5,S,5,2,,,,,,,
Main,SP-2,2023,,QURU,27.5,S,5,2,,,,,,,
Main,SP-2,2023,,QURU,59.2,C,5,2,,,,,,,
Main,SP-2,2023,,OSVI,15.6,S,6,2,,,,,,,
Main,SP-3,2023,,FAGR,45.3,C,6,1,1,3,1,3,0,0,
Main,SP-3,2023,,ACRU,49.6,D,5,2,,,,,,,
Main,SP-3,2023,,ACSA,27.3,I,6,1,,,,,,,
Main,SP-3,2023,,SNAG,32.5,DEAD,1,8,,,,,,,
Main,SP-3,2023,,ACSA,13,I,6,1,,,,,,,
Main,SP-3,2023,,SNAG,67.7,DEAD,1,8,,,,,,,
Main,SP-3,2023,,FAGR,16.2,S,6,1,1,3,1,3,0,0,
Main,SP-3,2023,,ACRU,24.8,I,5,2,,,,,,,
Main,SV-1,2023,TSP,FAGR,59.2,C,5,2,2,3,2,3,3,2,#2425
Main,SV-1,2023,TSP,FAGR,14.1,S,2,3,2,3,3,3,3,3,
Main,SV-1,2023,TSP,ACSA,46.6,C,5,2,,,,,,,
Main,SV-1,2023,TSP,QURU,51.4,C,6,1,,,,,,,#2406
Main,SV-1,2023,TSP,QURU,73.9,C,4,2,,,,,,,#2409
Main,SV-1,2023,TSP,ACRU,12.7,S,4,2,,,,,,,#2411
Main,SV-1,2023,TSP,QURU,57.8,C,5,2,,,,,,,#2412
Main,SV-1,2023,TSP,QURU,64.5,C,6,1,,,,,,,#2421
Main,SV-10,2023,Lime,FAGR,3.9,S,3,3,2,1,3,3,3,3,
Main,SV-10,2023,Lime,ACSA,22,S,6,1,,,,,,,#2801
Main,SV-10,2023,Lime,QURU,81,C,5,3,,,,,,,#2797
Main,SV-10,2023,Lime,ACSA,22.9,S,6,1,,,,,,,#2821
Main,SV-10,2023,Lime,CARYA,46.2,C,5,2,,,,,,,no number but nail in tree
Main,SV-10,2023,Lime,LITU,72.4,c,5,2,,,,,,,#2817
Main,SV-10,2023,Lime,LITU,68.5,C,5,2,,,,,,,#2816
Main,SV-10,2023,Lime,ACSA,28.7,I,6,1,,,,,,,#2803
Main,SV-10,2023,Lime,ACSA,25,I,5,3,,,,,,,#2802
Main,SV-10,2023,Lime,CARYA,25.8,I,5,2,,,,,,,no tag
Main,SV-10,2023,Lime,CARYA,23.4,I,4,2,,,,,,,no tag
Main,SV-10,2023,Lime,ACSA,29.3,I,6,2,,,,,,,no tag
Main,SV-10,2023,Lime,CARYA,25.6,S,6,1,,,,,,,#2800
Main,SV-10,2023,Lime,CARYA,64.5,C,5,2,,,,,,,"frost damage, attached to follwing tree"
Main,SV-10,2023,Lime,CARYA,49.7,c,5,2,,,,,,,#2798
Main,SV-11,2023,Control,FAGR,7.8,S,3,5,4,3,4,3,4,3,#2867
Main,SV-11,2023,Control,PRSE2,51.6,C,6,2,,,,,,,#2868
Main,SV-11,2023,Control,ACSA,22.8,S,5,2,,,,,,,#2871
Main,SV-11,2023,Control,ACRU,20.6,S,6,1,,,,,,,
Main,SV-11,2023,Control,ACSA,29.4,S,6,1,,,,,,,
Main,SV-11,2023,Control,PRSE2,54,C,5,2,,,,,,,#2863
Main,SV-11,2023,Control,QURU,72.4,C,6,2,,,,,,,
Main,SV-11,2023,Control,BETULA,44.3,I,6,1,,,,,,,#2861
Main,SV-11,2023,Control,TSCA,14.3,S,2,6,,,,,,,"#2860, top snapped"
Main,SV-11,2023,Control,SNAG,38.4,DEAD,1,7,,,,,,,"#2838, PRSE2"
Main,SV-11,2023,Control,SNAG,25.2,DEAD,1,8,,,,,,,#2864
Main,SV-11,2023,Control,ACRU,47.4,C,6,2,,,,,,,missing tag
Main,SV-11,2023,Control,ACSA,40,C,6,2,,,,,,,#2835
Main,SV-11,2023,Control,PRSE2,29.5,I,4,2,,,,,,,"#2832, broken branches"
Main,SV-12,2023,TSP,FAGR,10,S,2,5,3,3,5,3,3,3,#2884
Main,SV-12,2023,TSP,NYSY,36.3,I,6,1,,,,,,,#2907
Main,SV-12,2023,TSP,ACRU,71,C,6,2,,,,,,,#2910
Main,SV-12,2023,TSP,ACSA,18.6,S,6,1,,,,,,,#2906
Main,SV-12,2023,TSP,CAOV2,35.6,C,6,1,,,,,,,#2905
Main,SV-12,2023,TSP,ACSA,25.1,S,6,1,,,,,,,#2901
Main,SV-12,2023,TSP,SNAG,17.8,DEAD,1,8,,,,,,,#2888
Main,SV-12,2023,TSP,QUCO2,57.9,C,6,2,,,,,,,"#2887, probably scarlet not northern red"
Main,SV-12,2023,TSP,QURU,65.1,C,5,2,,,,,,,#2889
Main,SV-12,2023,TSP,ACSA,17.8,S,6,1,,,,,,,
Main,SV-12,2023,TSP,ACSA,18.3,S,5,2,,,,,,,#2886
Main,SV-12,2023,TSP,ACRU,67.9,C,6,1,,,,,,,#2885
Main,SV-12,2023,TSP,PRSE2,59,C,5,2,,,,,,,#2881
Main,SV-12,2023,TSP,QURU,64.4,C,6,1,,,,,,,
Main,SV-2,2023,Lime,FAGR,12.5,S,2,4,3,3,3,3,2,3,#2468
Main,SV-2,2023,Lime,CAOV2,40.3,D,6,1,,,,,,,#2468
Main,SV-2,2023,Lime,FAGR,48.7,C,3,3,1,3,3,3,3,2,#2461
Main,SV-2,2023,Lime,SNAG,65.2,DEAD,,8,,,,,,,#2465
Main,SV-2,2023,Lime,FAGR,15.5,I,2,4,3,1,3,3,3,3,#2469
Main,SV-2,2023,Lime,FAGR,78.9,D,4,3,1,3,4,3,2,3,#2475
Main,SV-2,2023,Lime,SNAG,35.9,DEAD,,8,,,,,,,#2456
Main,SV-2,2023,Lime,FAGR,61.7,C,5,2,2,2,2,3,2,3,#2457
Main,SV-2,2023,Lime,FAGR,15.3,S,4,2,1,3,3,3,3,3,#2458
Main,SV-2,2023,Lime,FAGR,13.8,S,2,6,5,3,5,3,4,3,#2459
Main,SV-2,2023,Lime,ACSA,29,I,5,2,,,,,,,
Main,SV-2,2023,Lime,FAGR,19.7,I,5,2,2,2,2,3,3,3,#2462
Main,SV-3,2023,Control,FAGR,38.4,C,4,3,2,3,3,3,3,2,#2501
Main,SV-3,2023,Control,FAGR,30.4,C,3,3,2,1,2,3,3,2,#2527
Main,SV-3,2023,Control,FAGR,28.7,C,5,2,2,1,2,1,2,2,#2529
Main,SV-3,2023,Control,FAGR,23.4,C,4,2,2,3,2,3,3,3,"#2532, browning"
Main,SV-3,2023,Control,FAGR,41,D,6,2,1,3,2,3,1,1,#2499
Main,SV-3,2023,Control,FAGR,15,S,3,2,2,1,2,3,3,3,#2498
Main,SV-3,2023,Control,FAGR,27.5,I,4,2,2,1,2,3,3,2,#2493
Main,SV-3,2023,Control,PRSE2,24.8,S,5,2,,,,,,,#2494
Main,SV-3,2023,Control,FAGR,12.8,S,3,4,3,3,2,3,3,3,"#2500, partial tip over"
Main,SV-3,2023,Control,FAGR,36.1,C,5,3,3,1,2,1,1,0,#2497
Main,SV-3,2023,Control,ACSA,57.4,D,4,3,,,,,,,#2502
Main,SV-3,2023,Control,FAGR,93.4,C,5,2,1,3,2,3,2,2,
Main,SV-3,2023,Control,FAGR,32.7,I,5,2,2,3,2,3,3,3,"#2524, browning"
Main,SV-4,2023,X-Trt,FAGR,31.8,C,5,2,2,1,2,3,3,2,#2579
Main,SV-4,2023,X-Trt,SNAG,19.9,DEAD,1,8,,,,,,,#2573
Main,SV-4,2023,X-Trt,ACSA,74.1,C,3,3,,,,,,,#2582
Main,SV-4,2023,X-Trt,FAGR,18.7,S,5,2,2,1,2,3,1,2,
Main,SV-4,2023,X-Trt,ACSA,14.4,I,6,1,,,,,,,#2583
Main,SV-4,2023,X-Trt,ACSA,13.3,S,6,1,,,,,,,#2885
Main,SV-4,2023,X-Trt,FAGR,25.7,S,4,2,2,1,1,1,2,2,#581
Main,SV-4,2023,X-Trt,ACSA,223,I,6,1,,,,,,,#2576
Main,SV-4,2023,X-Trt,ACSA,23.5,I,6,1,,,,,,,#2574
Main,SV-4,2023,X-Trt,SNAG,58.5,DEAD,1,8,,,,,,,#542
Main,SV-4,2023,X-Trt,ACSA,33.4,C,5,1,,,,,,,#542
Main,SV-4,2023,X-Trt,FAGR,14.4,I,2,5,4,3,4,3,4,3,"#1271, LOTS OF VITIS"
Main,SV-4,2023,X-Trt,QURU,16.8,D,6,2,,,,,,,
Main,SV-5,2023,TSP,FAGR,55.4,C,5,2,2,3,3,1,2,2,2595
Main,SV-5,2023,TSP,ACSA,52,C,6,2,,,,,,,"2605, 9 leaflets - Pignut?"
Main,SV-5,2023,TSP,CARYA,75.4,D,5,2,,,,,,,
Main,SV-5,2023,TSP,FAGR,12.8,S,2,4,3,3,3,3,3,3,2608
Main,SV-5,2023,TSP,FAGR,17.6,S,2,4,3,3,3,3,3,2,2613
Main,SV-5,2023,TSP,QURU,71.1,D,6,1,,,,,,,2611
Main,SV-5,2023,TSP,ACRU,21.5,S,6,1,,,,,,,2610
Main,SV-5,2023,TSP,FAGR,48.5,C,4,3,2,3,2,1,3,0,2625
Main,SV-5,2023,TSP,SNAG,18,DEAD,,8,,,,,,,
Main,SV-6,2023,Lime,FAGR,38.9,C,3,3,2,2,3,3,3,2,#2655
Main,SV-6,2023,Lime,SNAG,18.4,DEAD,,7,,,,,,,#2657
Main,SV-6,2023,Lime,ACSA,42,C,5,2,,,,,,,#2658
Main,SV-6,2023,Lime,FAGR,48.6,C,4,3,1,3,3,3,4,3,#2664
Main,SV-6,2023,Lime,CARYA,47.4,C,6,1,,,,,,,#2671
Main,SV-6,2023,Lime,ACRU,12.8,I,6,1,,,,,,,
Main,SV-6,2023,Lime,ACSA,17.9,I,3,3,,,,,,,#2672
Main,SV-6,2023,Lime,SNAG,73.8,DEAD,,8,,,,,,,#2651
Main,SV-6,2023,Lime,ACSA,53.4,C,6,2,,,,,,,
Main,SV-6,2023,Lime,FAGR,16.6,I,4,3,1,3,3,3,3,3,#2653
Main,SV-7,2023,Control,FAGR,12,S,3,3,2,1,3,3,3,3,#2749
Main,SV-7,2023,Control,QURU,37.8,C,6,2,,,,,,,could be black or scarlet oak
Main,SV-7,2023,Control,QURU,89.1,c,6,2,,,,,,,#2756
Main,SV-7,2023,Control,QURU,66.3,C,6,1,,,,,,,#752
Main,SV-7,2023,Control,QURU,92,C,5,3,,,,,,,#2747
Main,SV-7,2023,Control,QURU,43.2,I,6,2,,,,,,,#2727
Main,SV-7,2023,Control,ACRU,18.6,S,6,2,,,,,,,#2726
Main,SV-7,2023,Control,QURU,61.9,C,5,2,,,,,,,#2724
Main,SV-7,2023,Control,QURU,68.1,C,5,2,,,,,,,#2722
Main,SV-7,2023,Control,FAGR,12.8,S,4,2,1,3,2,3,2,0,#2723
Main,SV-8,2023,X-Trt,FAGR,4.7,S,3,3,3,3,3,3,4,4,
Main,SV-8,2023,X-Trt,ACRU,24.9,I,6,1,,,,,,,#695
Main,SV-8,2023,X-Trt,CAOV2,33.6,C,5,2,,,,,,,
Main,SV-8,2023,X-Trt,ACRU,32.6,C,4,2,,,,,,,
Main,SV-8,2023,X-Trt,SNAG,115.5,DEAD,,8,,,,,,,#2689
Main,SV-8,2023,X-Trt,ACRU,16.8,I,5,2,,,,,,,
Main,SV-8,2023,X-Trt,ACRU,18.2,I,6,1,,,,,,,#2692
Main,SV-8,2023,X-Trt,ACRU,16.5,I,4,2,,,,,,,#2698
Main,SV-8,2023,X-Trt,ACRU,23,C,6,1,,,,,,,#2696
Main,SV-8,2023,X-Trt,CARYA,20.2,C,6,1,,,,,,,#2699
Main,SV-8,2023,X-Trt,CARYA,33.1,C,6,1,,,,,,,#2700
Main,SV-8,2023,X-Trt,CARYA,22.1,S,6,1,,,,,,,
Main,SV-8,2023,X-Trt,ACRU,14.8,S,6,1,,,,,,,
Main,SV-8,2023,X-Trt,ACRU,51.1,C,5,2,,,,,,,
Main,SV-9,2023,X-Trt,FAGR,23.7,I,4,3,1,3,3,3,2,3,#2767
Main,SV-9,2023,X-Trt,LITU,55.7,C,5,2,,,,,,,#2791
Main,SV-9,2023,X-Trt,ACRU,34.6,I,6,1,,,,,,,#2790
Main,SV-9,2023,X-Trt,FAGR,29.7,I,5,2,2,1,2,3,2,0,#2770
Main,SV-9,2023,X-Trt,FAGR,18.5,S,4,2,2,1,2,3,3,3,
Main,SV-9,2023,X-Trt,QURU,79.9,C,6,2,,,,,,,#2768
Main,SV-9,2023,X-Trt,CARYA,26.8,S,6,1,,,,,,,
Main,SV-9,2023,X-Trt,CARYA,39.5,C,5,2,,,,,,,#2762
Main,TSI-10,2023,,FAGR,45,C,4,3,2,2,3,1,3,2,#149
Main,TSI-10,2023,,CARYA,23,S,6,2,,,,,,,
Main,TSI-10,2023,,ACSA,36.4,C,5,2,,,,,,,
Main,TSI-10,2023,,CARYA,68.1,D,6,2,,,,,,,
Main,TSI-10,2023,,ACSA,21.9,S,6,1,,,,,,,
Main,TSI-10,2023,,CAOV2,22.6,S,6,1,,,,,,,
Main,TSI-11,2023,,FAGR,46.6,I,6,2,2,3,2,3,1,0,#295
Main,TSI-11,2023,,ACRU,20.9,S,5,2,,,,,,,
Main,TSI-11,2023,,ACRU,30.3,I,6,1,,,,,,,
Main,TSI-11,2023,,PRSE2,31.3,C,5,2,,,,,,,
Main,TSI-11,2023,,ACSA,33.7,C,6,2,,,,,,,#296
Main,TSI-11,2023,,CARYA,44.1,C,6,1,,,,,,,
Main,TSI-11,2023,,FAGR,26.3,S,4,3,2,1,2,3,3,3,
Main,TSI-11,2023,,CARYA,41.2,C,6,1,,,,,,,
Main,TSI-11,2023,,QURU,61.3,D,5,3,,,,,,,
Main,TSI-11,2023,,CAOV2,25.4,S,6,1,,,,,,,
Main,TSI-11,2023,,CAOV2,47,C,6,2,,,,,,,
Main,TSI-12,2023,,FAGR,21.8,I,3,3,1,3,2,3,3,2,#162
Main,TSI-12,2023,,FAGR,32.5,I,4,3,1,3,3,3,3,2,
Main,TSI-12,2023,,LITU,72.5,D,6,1,,,,,,,
Main,TSI-12,2023,,ACSA,21,S,6,1,,,,,,,
Main,TSI-12,2023,,ACSA,19.9,S,5,2,,,,,,,
Main,TSI-12,2023,,FAGR,60.2,C,6,2,2,1,1,3,2,1,
Main,TSI-12,2023,,ACSA,22.3,S,6,1,,,,,,,
Main,TSI-12,2023,,CARYA,25.2,I,6,1,,,,,,,
Main,TSI-12,2023,,ACSA,29.1,I,6,2,,,,,,,
Main,TSI-12,2023,,FAGR,51.2,D,5,2,2,2,2,1,2,0,no # but flagged
Main,TSI-12,2023,,ACSA,58,C,6,2,,,,,,,
Main,TSI-12,2023,,CARYA,29,C,6,1,,,,,,,
Main,TSI-2,2023,,FAGR,20.9,S,3,3,2,2,3,3,3,3,#127
Main,TSI-2,2023,,CAOV2,27.4,I,6,1,,,,,,,
Main,TSI-2,2023,,QUAL,48,C,5,2,,,,,,,
Main,TSI-2,2023,,ACSA,30.7,S,6,1,,,,,,,#228
Main,TSI-2,2023,,ACSA,18.2,S,6,1,,,,,,,
Main,TSI-2,2023,,ACSA,17.7,S,4,3,,,,,,,
Main,TSI-2,2023,,ACSA,21.9,S,6,2,,,,,,,
Main,TSI-2,2023,,ACSA,44.8,C,6,1,,,,,,,
Main,TSI-2,2023,,ACSA,24,S,6,1,,,,,,,Conjoined
Main,TSI-2,2023,,QURU,78.7,C,5,2,,,,,,,Conjoined
Main,TSI-2,2023,,QURU,61.3,C,6,1,,,,,,,
Main,TSI-2,2023,,QURU,55,C,4,3,,,,,,,
Main,TSI-2,2023,,ACSA,22.2,I,6,1,,,,,,,
Main,TSI-2,2023,,CAOV2,15.8,S,5,2,,,,,,,
Main,TSI-2,2023,,CARYA,40.3,C,6,1,,,,,,,
Main,TSI-2,2023,,SNAG,20.6,DEAD,1,8,,,,,,,
Main,TSI-3,2023,,FAGR,20.3,S,4,2,1,3,2,3,3,2,#333
Main,TSI-3,2023,,FAGR,33.2,S,4,3,2,1,3,3,3,2,
Main,TSI-3,2023,,CARYA,32.4,I,5,2,,,,,,,
Main,TSI-3,2023,,PRSE2,60.6,C,6,2,,,,,,,
Main,TSI-3,2023,,CARYA,39.8,C,6,1,,,,,,,
Main,TSI-3,2023,,CARYA,63,D,5,2,,,,,,,
Main,TSI-3,2023,,CARYA,39.8,C,6,1,,,,,,,
Main,TSI-3,2023,,SNAG,67,DEAD,1,8,,,,,,,
Main,TSI-3,2023,,FAGR,22.5,I,5,3,2,1,3,3,2,2,Frost damage
Main,TSI-3,2023,,FAGR,26.8,I,5,2,1,3,2,3,3,2,
Main,TSI-3,2023,,SNAG,19.9,DEAD,1,7,,,,,,,
Main,TSI-3,2023,,CARYA,44.5,C,6,1,,,,,,,
Main,TSI-3,2023,,FAGR,48,C,5,2,2,1,1,3,2,0,
Main,TSI-3,2023,,FAGR,48.6,C,3,3,3,3,3,3,2,2,
Main,TSI-4,2023,,FAGR,21.8,I,4,3,2,3,3,3,3,2,#328
Main,TSI-4,2023,,FAGR,17.8,I,4,2,2,1,2,3,3,2,
Main,TSI-4,2023,,TSCA,32,I,5,2,,,,,,,
Main,TSI-4,2023,,FAGR,15,I,4,2,2,1,2,1,2,1,
Main,TSI-4,2023,,FAGR,28.2,C,3,3,2,3,3,3,1,1,
Main,TSI-4,2023,,ACSA,18.4,S,6,1,,,,,,,
Main,TSI-4,2023,,TIAM,59.8,D,6,1,,,,,,,
Main,TSI-4,2023,,FAGR,16.8,S,3,3,2,1,3,3,3,3,
Main,TSI-4,2023,,ACSA,15.2,I,6,1,,,,,,,
Main,TSI-4,2023,,ACSA,18.5,I,6,2,,,,,,,
Main,TSI-4,2023,,ACSA,16.7,I,6,2,,,,,,,Grape Growth
Main,TSI-4,2023,,FAGR,28.2,C,1,5,3,3,5,3,4,4,Grape Growth
Main,TSI-4,2023,,FAGR,57.5,C,5,2,2,1,2,1,2,2,Grape Growth
Main,TSI-4,2023,,FAGR,55.9,C,5,2,2,1,2,3,2,2,Grape Growth
Main,TSI-4,2023,,FAGR,49.2,C,6,2,2,1,2,3,2,2,Grape Growth
Main,TSI-4,2023,,ACSA,13.4,S,6,1,,,,,,,
Main,TSI-4,2023,,LITU,28.3,C,6,2,,,,,,,
Main,TSI-4,2023,,LITU,27.3,C,6,2,,,,,,,
Main,TSI-4,2023,,LITU,23.8,C,6,2,,,,,,,
Main,TSI-4,2023,,ACSA,13.4,S,6,2,,,,,,,missing top on trunk
Main,TSI-4,2023,,ACSA,27.2,C,5,2,,,,,,,
Main,TSI-4,2023,,FAGR,20.8,I,4,3,2,1,3,3,4,2,
Main,TSI-4,2023,,ACSA,35.2,C,6,2,,,,,,,
Main,TSI-5,2023,,FAGR,25.4,I,4,3,1,3,3,3,4,3,"Center, #215"
Main,TSI-5,2023,,FAGR,53.9,C,5,2,1,3,2,3,3,2,
Main,TSI-5,2023,,FAGR,46.1,D,3,3,2,3,3,3,3,2,only one main limb left
Main,TSI-5,2023,,LITU,52.5,C,6,1,,,,,,,
Main,TSI-5,2023,,FAGR,22.1,I,5,2,1,3,2,3,3,3,
Main,TSI-5,2023,,FAGR,60.6,D,6,2,1,3,2,1,3,2,
Main,TSI-5,2023,,FAGR,24.8,S,2,6,6,3,6,3,4,2,
Main,TSI-5,2023,,ACSA,41.1,C,6,1,,,,,,,#310
Main,TSI-5,2023,,PRSE2,73.9,D,5,2,,,,,,,
Main,TSI-5,2023,,ACSA,56.7,C,6,1,,,,,,,
Main,TSI-5,2023,,FAGR,15,S,2,5,2,3,5,3,3,2,
Main,TSI-5,2023,,CARYA,31.2,C,6,1,,,,,,,#697
Main,TSI-6,2023,,FAGR,37.6,C,5,2,2,1,2,3,2,0,"#117, center"
Main,TSI-6,2023,,FAGR,22.1,I,3,3,2,3,3,3,3,2,Broken top
Main,TSI-6,2023,,CARYA,14.9,I,6,1,,,,,,,9 leaflets
Main,TSI-6,2023,,ACSA,12.8,I,6,2,,,,,,,
Main,TSI-6,2023,,LITU,45.2,C,5,2,,,,,,,
Main,TSI-6,2023,,OSVI,14.4,S,6,2,,,,,,,
Main,TSI-6,2023,,ACSA,79.6,C,3,4,,,,,,,
Main,TSI-6,2023,,LITU,15,I,6,2,,,,,,,
Main,TSI-6,2023,,FAGR,15.1,S,3,3,2,1,3,2,3,2,
Main,TSI-6,2023,,FAGR,60.1,C,5,2,2,1,2,3,2,0,attached at root base
Main,TSI-6,2023,,FAGR,53.9,C,5,2,2,1,2,3,2,0,attached at root base
Main,TSI-6,2023,,FAGR,56.8,C,5,2,2,1,2,3,2,3,
Main,TSI-6,2023,,LITU,32.9,C,6,1,,,,,,,#116
Main,TSI-6,2023,,SNAG,38.1,DEAD,,8,,,,,,,
Main,TSI-7,2023,,FAGR,20.7,S,4,3,2,3,3,3,4,2,"#203, bark damage"
Main,TSI-7,2023,,LITU,45.3,C,5,1,,,,,,,
Main,TSI-7,2023,,LITU,58.7,C,5,1,,,,,,,
Main,TSI-7,2023,,LITU,46.9,C,6,1,,,,,,,
Main,TSI-7,2023,,LITU,39.6,C,6,1,,,,,,,
Main,TSI-7,2023,,LITU,47.3,C,6,1,,,,,,,
Main,TSI-7,2023,,ACSA,25.5,I,6,2,,,,,,,#206
Main,TSI-7,2023,,LITU,66.4,D,6,1,,,,,,,
Main,TSI-7,2023,,LITU,55.2,C,6,1,,,,,,,
Main,TSI-7,2023,,ACRU,32.3,S,6,1,,,,,,,
Main,TSI-7,2023,,ACRU,45.5,C,5,2,,,,,,,#202
Main,TSI-7,2023,,LITU,47.4,C,5,2,,,,,,,
Main,TSI-7,2023,,LITU,33.7,I,5,2,,,,,,,
Main,TSI-7,2023,,LITU,31,S,6,2,,,,,,,
Main,TSI-8,2023,,FAGR,65.1,C,4,2,1,3,2,3,3,2,#301
Main,TSI-8,2023,,FAGR,14.6,S,3,4,2,3,3,3,2,2,
Main,TSI-8,2023,,ACSA,34.8,I,6,1,,,,,,,Conjoined
Main,TSI-8,2023,,LITU,86.1,D,5,2,,,,,,,Conjoined
Main,TSI-8,2023,,LITU,53.6,C,5,2,,,,,,,
Main,TSI-8,2023,,LITU,53.2,C,4,3,,,,,,,
Main,TSI-8,2023,,LITU,51.4,C,5,2,,,,,,,
Main,TSI-8,2023,,QURU,23.1,S,6,1,,,,,,,
Main,TSI-9,2023,,FAGR,23.9,S,4,4,2,3,2,3,3,2,#281
Main,TSI-9,2023,,FAGR,19.5,S,4,4,1,3,3,3,2,0,
Main,TSI-9,2023,,CARYA,53.1,C,5,5,,,,,,,
Main,TSI-9,2023,,FAGR,14.5,S,3,3,2,3,3,3,2,2,
Main,TSI-9,2023,,ACSA,15.8,S,5,5,,,,,,,
Main,TSI-9,2023,,ACSA,19.9,S,5,5,,,,,,,
Main,TSI-9,2023,,CAOV2,28.7,I,6,6,,,,,,,
Main,TSI-9,2023,,CAOV2,36.9,C,6,6,,,,,,,
Main,TSI-9,2023,,ACRU,13.2,S,4,4,,,,,,,TRUNK BENT IN HALF
Main,TSI-9,2023,,FAGR,19.2,S,3,3,1,3,3,3,3,2,
Main,TSI-9,2023,,CARYA,36.7,C,6,6,,,,,,,
Main,TSI-9,2023,,SNAG,14.4,DEAD,1,1,,,,,,,
Main,WVHA-01,2023,,FAGR,13.9,I,6,2,1,3,2,3,2,0,1584
Main,WVHA-01,2023,,TSCA,34.2,I,6,2,,,,,,,1582
Main,WVHA-01,2023,,ACRU,31.7,C,6,2,,,,,,,1684
Main,WVHA-01,2023,,SAAL,15.7,I,6,2,,,,,,,1685
Main,WVHA-01,2023,,SAAL,50.3,D,6,2,,,,,,,1686
Main,WVHA-01,2023,,FAGR,21.6,I,6,2,1,3,2,3,2,0,1687
Main,WVHA-01,2023,,SAAL,22.4,I,6,2,,,,,,,1690
Main,WVHA-01,2023,,ACRU,47,D,6,2,,,,,,,1691
Main,WVHA-01,2023,,QURU,17.3,I,6,2,,,,,,,1692
Main,WVHA-01,2023,,FAGR,19.1,I,6,2,1,3,3,3,3,2,1682
Main,WVHA-01,2023,,FAGR,15,I,5,3,1,3,3,1,2,0,1680
Main,WVHA-01,2023,,QURU,17.3,I,6,2,,,,,,,1681
Main,WVHA-01,2023,,SAAL,16.5,I,6,2,,,,,,,1583
Main,WVHA-01,2023,,SNAG,40.9,DEAD,1,7,,,,,,,
Main,WVHA-02,2023,,FAGR,81,D,6,2,2,1,2,1,2,0,1007
Main,WVHA-02,2023,,FAGR,19.3,S,4,4,2,3,4,3,3,2,1006
Main,WVHA-02,2023,,ACSA,36.3,C,6,2,,,,,,,1003
Main,WVHA-02,2023,,FAGR,25.4,I,6,2,2,3,3,3,3,2,1009
Main,WVHA-02,2023,,FAGR,76.2,D,6,2,2,3,2,3,3,0,1001
Main,WVHA-02,2023,,BELE,40.9,I,6,2,,,,,,,735
Main,WVHA-02,2023,,FAGR,15.7,S,6,3,2,3,3,3,3,3,734
Main,WVMO-01,2023,,LITU,63.5,D,6,2,,,,,,,#1652
Main,WVMO-01,2023,,FAGR,13.7,S,6,2,1,3,2,3,0,0,#1654
Main,WVMO-01,2023,,FAGR,19.1,S,6,2,1,3,2,3,0,0,#1655
Main,WVMO-01,2023,,BETULA,25.7,I,6,2,,,,,,,#1653
Main,WVMO-01,2023,,FAGR,53.6,C,6,2,1,3,2,3,0,0,#1636
Main,WVMO-01,2023,,FAGR,51.6,C,6,2,1,3,2,3,0,0,#1657
Main,WVMO-01,2023,,FAGR,45.7,C,6,2,1,3,2,3,0,0,#1658
Main,WVMO-01,2023,,LITU,38.4,D,6,2,,,,,,,#1649
Main,WVMO-01,2023,,PRSE2,32,I,6,2,,,,,,,#1647
Main,WVMO-01,2023,,FAGR,20.3,I,6,2,1,3,2,3,0,0,#1646
Main,WVMO-01,2023,,FAGR,20.6,I,6,2,1,3,2,3,0,0,#1650
Main,WVMO-01,2023,,FAGR,51.6,D,6,2,1,3,2,3,0,0,#1651
Main,WVMO-02,2023,,QUAL,54.1,D,5,3,,,,,,,#1669
Main,WVMO-02,2023,,FAGR,48.8,C,6,2,,,,,,,#1670
Main,WVMO-02,2023,,FAGR,26.9,I,6,2,1,3,2,3,0,0,#1672
Main,WVMO-02,2023,,NYSY,35.1,C,6,2,1,3,2,3,0,0,#1659
Main,WVMO-02,2023,,TSCA,42.2,S,2,6,,,,,,,#1660
Main,WVMO-02,2023,,TSCA,28.2,S,2,6,,,,,,,#1661
Main,WVMO-02,2023,,TSCA,25.9,S,2,6,,,,,,,#1662
Main,WVMO-02,2023,,FAGR,53.3,C,6,2,1,3,2,3,0,0,#1663
Main,WVMO-02,2023,,TSCA,20.8,S,2,6,,,,,,,#1664
Main,WVMO-02,2023,,TSCA,17.8,S,3,5,,,,,,,#1665
Main,WVMO-02,2023,,FAGR,68.3,D,6,2,1,3,2,3,0,0,#1667
Main,WVMO-02,2023,,TSCA,15.2,S,5,3,,,,,,,#1666
Main,WVMO-02,2023,,FAGR,24.6,I,6,2,1,3,2,3,0,0,#1668
Main,WVRA-01,2023,,FAGR,14.2,I,6,2,2,3,1,3,0,0,#706
Main,WVRA-01,2023,,FAGR,17.8,I,6,2,1,3,2,3,0,0,#740
Main,WVRA-01,2023,,FAGR,25.1,D,5,3,1,3,3,3,0,0,#739
Main,WVRA-01,2023,,FAGR,14.7,I,5,3,3,1,4,1,0,0,#738
Main,WVRA-01,2023,,SNAG,21.6,,,7,,,,,,,#743
Main,WVRA-01,2023,,MACU,21.8,C,5,2,,,,,,,#2079
Main,WVRA-01,2023,,SNAG,54.1,,,7,,,,,,,#744
Main,WVRA-01,2023,,MACU,33,S,,,,,,,,,#745
Main,WVRA-01,2023,,FAGR,19.6,I,6,2,1,3,2,3,0,0,#746
Main,WVRA-01,2023,,PRSE2,31.8,D,5,3,,,,,,,#747
Main,WVRA-01,2023,,FAGR,16.3,I,6,2,1,3,2,3,0,0,#752
Main,WVRA-01,2023,,FAGR,22.6,I,6,2,1,2,,3,0,0,#753
Main,WVRA-01,2023,,MACU,38.1,D,5,3,,,,,,,#7489
Main,WVRA-01,2023,,FAGR,30.7,C,6,2,2,2,2,3,0,0,#756
Main,WVRA-01,2023,,FAGR,23.9,S,6,2,1,2,2,3,0,0,#755
Main,WVRA-01,2023,,FAGR,14,S,6,2,1,2,2,3,0,0,#754
Main,WVRA-01,2023,,FAGR,16.3,S,5,3,3,1,3,1,0,0,#758
Main,WVRA-01,2023,,FAGR,29.2,C,6,2,1,3,2,3,0,0,#759
Main,WVRA-01,2023,,FAGR,22.1,,,8,,,,,,,#737
Main,WVRA-01,2023,,ACPE,19.6,I,2,6,,,,,,,#741
Main,WVRA-01,2023,,FAGR,30,I,2,6,6,3,6,3,0,0,#742
Main,WVRA-01,2023,,ACRU,42.2,D,6,2,,,,,,,#750
Main,WVRA-01,2023,,FAGR,16,S,5,3,2,3,4,3,0,0,#751
Main,WVRA-01,2023,,BEAL,39.6,D,6,2,,,,,,,#757
Main,WVRA-02,2023,,FAGR,14.8,I,6,3,2,1,3,1,0,0,#771
Main,WVRA-02,2023,,FAGR,19.6,I,4,4,4,1,4,1,0,0,#768
Main,WVRA-02,2023,,ACSA,20.8,I,6,3,,,,,,,#767
Main,WVRA-02,2023,,ACSA,20.8,I,6,2,,,,,,,#769
Main,WVRA-02,2023,,FAGR,13.5,S,3,5,5,1,5,3,,,#770
Main,WVRA-02,2023,,SNAG,75.4,,,,,,,,,,#772
Main,WVRA-02,2023,,ACSA,13.7,I,6,2,,,,,,,#2198
Main,WVRA-02,2023,,ACSA,17.5,C,6,2,,,,,,,#761
Main,WVRA-02,2023,,ACSA,17.8,I,6,2,,,,,,,#764
Main,WVRA-02,2023,,FAGR,37.6,D,5,3,2,3,3,3,0,0,#763
Main,WVRA-02,2023,,ACSA,25.4,C,6,2,,,,,,,#766
Main,WVRA-02,2023,,OSVI,14.7,I,4,4,,,,,,,#762
Main,WVTU-01,2023,,FAGR,32.8,C,6,2,1,3,2,3,0,0,#1732
Main,WVTU-01,2023,,PRSE2,81.3,D,4,4,,,,,,,#1731
Main,WVTU-01,2023,,FAGR,28.7,C,6,2,1,3,2,3,0,0,#1774
Main,WVTU-01,2023,,FAGR,20.3,C,6,2,1,3,2,3,0,0,#1775
Main,WVTU-01,2023,,FAGR,19.3,C,6,2,1,3,2,3,0,0,#1734
Main,WVTU-01,2023,,FAGR,18,C,6,2,1,3,2,3,0,0,#1735
Main,WVTU-01,2023,,FAGR,22.9,C,6,2,1,3,2,3,0,0,#2100
Main,WVTU-01,2023,,FAGR,19.6,I,6,2,1,3,2,3,0,0,#1777
Main,WVTU-01,2023,,FAGR,22.6,C,6,2,1,3,2,3,0,0,#1772
Main,WVTU-01,2023,,FAGR,17.5,I,6,2,1,3,2,3,0,0,#1773
Main,WVTU-01,2023,,FAGR,28.2,C,6,2,1,3,2,3,0,0,#1771
Main,WVTU-01,2023,,FAGR,19.3,C,6,2,1,3,2,3,0,0,#1770
Main,WVTU-01,2023,,FAGR,18,C,6,2,1,3,2,3,0,0,#1776
Main,WVTU-01,2023,,FAGR,27.7,C,6,2,1,3,2,3,0,0,#1769
Main,WVTU-01,2023,,SNAG,13.9,C,6,2,1,3,2,3,0,0,"#1767, Dani's team filled out all the info for some reason."
Main,WVTU-01,2023,,FAGR,26.2,C,6,2,1,3,2,3,0,0,#1768
Main,WVTU-01,2023,,FAGR,25.4,C,6,2,1,3,2,3,0,0,#1766
Main,WVTU-01,2023,,SNAG,27.7,DEAD,,,,,,,,,
Main,WVTU-01,2023,,FAGR,29.2,C,4,4,4,3,4,3,0,0,#1765
Main,WVTU-01,2023,,FAGR,25.4,C,4,4,4,3,3,3,0,0,#1764
Main,WVTU-01,2023,,FAGR,22.4,C,2,6,1,3,2,3,0,0,#1763
Main,WVTU-01,2023,,FAGR,13.9,I,2,6,1,3,2,3,0,0,#1761
Main,WVTU-01,2023,,FAGR,17.3,I,2,6,1,3,2,3,0,0,#1762
Main,WVTU-01,2023,,FAGR,17.8,I,2,6,1,3,2,3,0,0,#1756
Main,WVTU-01,2023,,FAGR,16.5,I,2,6,1,3,2,3,0,0,#1757
Main,WVTU-01,2023,,FAGR,19.1,C,6,2,1,3,2,3,0,0,#1759
Main,WVTU-01,2023,,FAGR,16.8,I,6,2,1,3,2,3,0,0,#1758
Main,WVTU-01,2023,,FAGR,15.2,I,6,2,1,3,2,3,0,0,#1760
Main,WVTU-01,2023,,FAGR,16.8,C,6,2,1,3,2,3,0,0,#1754
Main,WVTU-01,2023,,FAGR,13.2,S,6,2,1,3,2,3,0,0,#1755
Main,WVTU-01,2023,,FAGR,15.7,I,5,3,1,3,3,1,0,0,#1753
Main,WVTU-01,2023,,FAGR,19.6,C,6,2,1,3,1,3,0,0,#1752
Main,WVTU-01,2023,,FAGR,21.6,C,6,2,1,3,2,3,0,0,#1750
Main,WVTU-01,2023,,LITU,66,D,3,5,,,,,,,#1751
Main,WVTU-01,2023,,FAGR,25.7,C,6,2,1,3,2,3,0,0,#1749
Main,WVTU-01,2023,,FAGR,14.7,S,4,4,4,3,2,3,0,0,#1747
Main,WVTU-01,2023,,FAGR,18.3,I,6,2,1,3,2,3,0,0,#1748
Main,WVTU-01,2023,,FAGR,23.9,C,6,3,3,3,2,3,0,0,#1746
Main,WVTU-01,2023,,FAGR,26.4,C,6,2,1,3,2,3,0,0,#1741
Main,WVTU-01,2023,,FAGR,20.1,I,6,2,2,3,1,3,0,0,#1742
Main,WVTU-01,2023,,FAGR,22.9,C,6,2,2,3,1,3,0,0,#1745
Main,WVTU-01,2023,,FAGR,17.5,C,6,2,2,3,1,3,0,0,#1744
Main,WVTU-01,2023,,FAGR,19.8,C,6,2,1,3,2,3,0,0,#1740
Main,WVTU-01,2023,,FAGR,21.1,I,6,2,1,3,3,1,0,0,#1739
Main,WVTU-01,2023,,SNAG,18.3,DEAD,,,,,,,,,#1416
Main,WVTU-01,2023,,FAGR,12.7,S,5,3,3,2,3,3,0,0,#1738
Main,WVTU-01,2023,,FAGR,26.2,C,6,2,1,3,2,3,0,0,#1737
Main,WVTU-01,2023,,SNAG,20.6,DEAD,,,,,,,,,
Main,WVTU-01,2023,,FAGR,16,I,6,2,1,3,3,3,0,0,#1736
Main,WVTU-01,2023,,FAGR,16.3,I,6,2,1,3,3,3,0,0,#1733
Main,WVTU-02,2023,,PRSE2,42.7,D,4,4,,,,,,,#1642
Main,WVTU-02,2023,,PRSE2,41.9,D,4,4,,,,,,,#1640
Main,WVTU-02,2023,,FAGR,14.5,I,3,5,2,1,3,1,0,0,#1641
Main,WVTU-02,2023,,FAGR,16.5,I,2,6,2,3,2,3,0,0,#1643
Main,WVTU-02,2023,,FAGR,15.7,I,2,6,2,3,1,3,0,0,#1644
Main,WVTU-02,2023,,BEAL2,13.9,I,,,,,,,,,#1645
Main,WVTU-02,2023,,QURU,64.3,D,2,6,,,,,,,#1631
Main,WVTU-02,2023,,BELE,23.4,I,2,6,,,,,,,#1633
Main,WVTU-02,2023,,QURU,49.8,D,2,6,,,,,,,#1634
Main,WVTU-02,2023,,TSCA,21.1,I,3,5,,,,,,,#1535?
Main,WVTU-02,2023,,ACRU,29.5,I,2,6,,,,,,,#1639
Main,WVTU-02,2023,,FAGR,14.5,I,2,6,,,,,,,#1638
Main,WVTU-02,2023,,BELE,39.1,C,2,6,,,,,,,#1637
Main,WVTU-02,2023,,ACRU,19.8,I,2,6,,,,,,,#1636
