"","plot_id_new","plot_id","plot_type","date","plot_area_m2","plot_area_ha","living_basal_area_m2","living_basal_area_m2_per_ha","living_n_trees","fagus_basal_area_m2","fagus_basal_area_m2_per_ha","fagus_n_trees","nonfagus_basal_area_m2","nonfagus_basal_area_m2_per_ha","nonfagus_n_trees","basal_area","aspect","slope_percent","slope_shape","slope_position","state","county","local.name","landowner","latitude","longitude","data_status","date_full","surveyors","site_remarks"
"1","BP-01","BP-1","Main",2025,401.149965936881,0.0401149965936881,2.05828354203773,51.3095778839377,15,0.214139594648478,5.33814315921372,4,1.84414394738925,45.9714347247239,11,100,304,110,"Convex","Middle","PA","Allegheny","Boyce Park","Allegheny County",40.47415,"-79.749535","collected","9/18/2025","Bri, David","No basal area recorded. "
"2","BP-02","BP-2","Main",2025,401.149965936881,0.0401149965936881,1.40213364200162,34.9528545696609,10,0.396037023893163,9.87254287728091,2,1.00609661810846,25.08031169238,8,120,51,12,"Flat","Lower","PA","Allegheny","Boyce Park","Allegheny County",40.46472667,"-79.74357","collected","9/18/2025","Bri, David","No basal area recorded. "
"3","BW-01","BW-1","Main",2025,401.149965936881,0.0401149965936881,1.0448222453511,26.0456770303078,13,0.0878907668731549,2.1909703187407,2,0.956931478477941,23.8547067115671,11,110,119,3,"Concave","Middle","OH","Lake","Bole Woods","Holden",41.611435,"-81.29129","collected","6/10/2025","Bri, Rosana",""
"4","BW-02","BW-2","Main",2025,401.149965936881,0.0401149965936881,0.535536304083164,13.3500274101339,16,0.0990088632742091,2.46812592998669,5,0.436527440808955,10.8819014801472,11,140,67,5,"Concave","Middle","OH","Lake","Bole Woods","Holden",41.6114383,"-81.2905383","collected","6/10/2025","Bri, Rosana",""
"5","C-01","C-1","Main",2025,401.149965936881,0.0401149965936881,1.58211705592211,39.4395410760435,12,0.716418998900741,17.8591314903281,7,0.865698057021367,21.5804095857154,5,70,218,4,"Convex","Summit","OH","Lake","Upper Baldwin","Holden",41.63092167,"-81.30677333","collected","7/8/2025","Bri, Rosana","Tree #965"
"6","C-02","C-2","Main",2025,401.149965936881,0.0401149965936881,0.870097072134556,21.6900697000548,11,0.428496744588216,10.6817096092098,3,0.441600327546339,11.008360090845,8,110,37,3,"Convex","Upper","OH","Lake","Upper Baldwin","Holden",41.63015167,"-81.30395667","collected","7/7/2025","Bri, Rosana","Tree #659"
"7","C-03","C-3","Main",2025,401.149965936881,0.0401149965936881,1.71421003143127,42.7323987782912,16,0.328107936740918,8.17918396115592,3,1.38610209469035,34.5532148171352,13,110,229,13,"Convex","Middle","OH","Lake","Upper Baldwin","Holden",41.6308466,"81.3029844","collected","7/7/2025","Bri, Rosana","Tree #826; S, E, & W microplots are in a floodplain. Floodplain is a quick dropoff ~5m from plot center"
"8","C-04","C-4","Main",2025,401.149965936881,0.0401149965936881,0.688559355248706,17.1646370115123,9,0.272595209153823,6.79534419296734,6,0.415964146094883,10.3692928185449,3,110,244,4,"Concave","Middle","OH","Lake","Upper Baldwin","Holden",41.630603,"-81.3019292","collected","7/8/2025","Bri, Rosana","Tree #522"
"9","C-05","C-5","Main",2025,401.149965936881,0.0401149965936881,1.46023032954629,36.401108152557,9,0.330585082548274,8.24093507713995,2,1.12964524699802,28.160173075417,7,110,166,1,"Flat","Middle","OH","Lake","Upper Baldwin","Holden",41.6305533,"-81.3008515","collected","7/9/2025","Bri, Tonya, Rosana","Tree #697"
"10","C-10","C-10","Main",2025,401.149965936881,0.0401149965936881,1.21564163350106,30.3039196491503,10,0.248946870453926,6.20583052705772,1,0.966694763047135,24.0980891220926,9,70,308,5,"Flat","Lower","OH","Lake","Upper Baldwin","Holden",41.63199167,"-81.29686","collected","7/10/2025","Bri, Rosana","No soil sample taken for North plot bc in creek, Tree #666"
"11","C-11","C-11","Main",2025,401.149965936881,0.0401149965936881,1.88970332405161,47.1071540449526,11,0.835790880357355,20.8348735218106,4,1.05391244369426,26.272280523142,7,120,213,5,"Convex","Upper","OH","Lake","Upper Baldwin","Holden",41.6329262,"-81.2966049","collected","7/10/2025","Bri, Rosana",""
"12","C-12","C-12","Main",2025,401.149965936881,0.0401149965936881,1.6905483409626,42.1425522750411,16,0.140025496959477,3.49060223979951,3,1.55052284400312,38.6519500352416,13,200,3,209,"Flat","Upper","OH","Lake","Upper Baldwin","Holden",41.632825,"-81.290965","collected","7/11/2025","Bri, Rosana","Tree #579"
"13","C-13","C-13","Main",2025,401.149965936881,0.0401149965936881,1.04274800880156,25.993969770538,10,0.431395649209316,10.7539744694181,5,0.611352359592247,15.2399953011199,5,90,237,3,"Flat","Upper","OH","Lake","Upper Baldwin","Holden",41.632825,"81.290965","collected","7/11/2025","Bri, Rosana","Tree #595"
"14","C-14","C-14","Main",2025,401.149965936881,0.0401149965936881,1.66728798895542,41.5627104706712,18,0.680265550643229,16.9578862871016,9,0.987022438312188,24.6048241835696,9,110,14,8,"Convex","Upper","OH","Lake","Upper Baldwin","Holden",41.62782667,"-81.29294667","collected","7/16/2025","Bri, Rosana","Tree #451"
"15","C-15","C-15","Main",2025,401.149965936881,0.0401149965936881,2.85357850769215,71.1349557522124,14,0.179950427197623,4.4858642023651,5,2.67362808049453,66.6490915498473,9,180,339,14,"Convex","Lower","OH","Lake","Upper Baldwin","Holden",41.6263138,"-81.2895232","collected","7/17/2025","Bri, Rosana","Tree #639"
"16","C-16","C-16","Main",2025,401.149965936881,0.0401149965936881,2.11675407910818,52.7671509123659,17,0.157060783123568,3.91526352885896,3,1.95969329598461,48.8518873835069,14,160,16,6,"Flat","Summit","OH","Lake","Upper Baldwin","Holden",41.626733,"-81.2904717","collected","7/15/2025","Bri, Rosana","Tree #616"
"17","C-17","C-17","Main",2025,401.149965936881,0.0401149965936881,1.97460250932039,49.223549220769,17,0.728751320862407,18.1665557208865,8,1.24585118845798,31.0569934998825,9,130,261,8,"Convex","Upper","OH","Lake","Upper Baldwin","Holden",41.6281158,"-81.28594","collected","7/15/2025","Bri, Rosana","Tree #606"
"18","CC-01","CC-1","Main",2025,401.149965936881,0.0401149965936881,1.3461536025073,33.5573654945571,9,0.552812707483418,13.7806993499883,5,0.793340895023887,19.7766661445689,4,130,272,17,"Convex","Upper","OH","Lorain","Chance Creek","Lorain County ",41.36537667,"-82.311475","collected","9/12/2025","Bri, David, Emily, Rosana, Evan, Daniel",""
"19","CC-02","CC-2","Main",2025,401.149965936881,0.0401149965936881,1.74574141149719,43.5184235257264,5,0.111627855565516,2.78269637403086,1,1.63411355593167,40.7357271516955,4,140,229,2,"Flat","Middle","OH","Lorain","Chance Creek","Lorain County",41.36574,"-82.31185","collected","9/12/2025","Bri, David, Emily, Rosana, Evan, Daniel",""
"20","DL-01","DL-1","Main",2025,401.149965936881,0.0401149965936881,1.25635353269893,31.3187994361344,11,0.124410210674809,3.10133918082857,1,1.13194332202412,28.2174602553058,10,140,186,2,"Convex","Middle","PA","Allegheny","Deer Lakes Park","Allegheny County",40.61907667,"-79.818065","collected","9/3/2025","Bri, Rosana","No basal area recorded. "
"21","DL-02","DL-2","Main",2025,401.149965936881,0.0401149965936881,1.93972926006921,48.35421724489,10,0.0991518057399475,2.47168924739604,2,1.84057745432927,45.8825279974939,8,100,349,8,"Flat","Middle","PA","Allegheny","Deer Lakes Park","Allegheny County",40.61717,"-79.81747667","collected","9/3/2025","Bri, Rosana","No basal area recorded. "
"22","GW-01","GW-1","Main",2025,401.149965936881,0.0401149965936881,0.838361488546155,20.8989544991777,11,0.489416938530303,12.2003485002741,7,0.348944550015852,8.69860599890359,4,120,22,1,"Flat","Lower","OH","Fulton","Goll Woods","Ohio DNR",41.552335,"-84.36059833","collected","10/6/2025","David, Mary",""
"23","HA-01","HA-1","Main",2025,401.149965936881,0.0401149965936881,1.01162425038245,25.2181063513196,7,0.227580113418698,5.67319288902811,3,0.784044136963751,19.5449134622915,4,90,292,8,"Flat","Middle","PA","Allegheny","Hartwood Acres Park","Allegheny County",40.57224,"-79.911905","collected","9/4/2025","Bri, Rosana","Large carving in tree, ""KRD"""
"24","HA-02","HA-2","Main",2025,401.149965936881,0.0401149965936881,1.12407127623239,28.0212232751194,8,0.102921716924255,2.56566684940089,1,1.02114955930813,25.4555564257185,7,90,289,6,"Convex","Middle","PA","Allegheny","Hartwood Acres Park","Allegheny County",40.56622833,"-79.92155667","collected","9/5/2025","Bri, Rosana",""
"25","HA-03","HA-3","Main",2025,401.149965936881,0.0401149965936881,1.54824126233845,38.5950740073616,13,0.308762794578275,7.69694181220142,1,1.23947846776017,30.8981321951601,12,100,305,5,"Flat","Lower","PA","Allegheny","Hartwood Acres Park","Allegheny County",40.57028167,"-79.91906","collected","9/4/2025","Bri, Rosana","Large carving in tree, ""KRD"""
"26","HH-01","HH-1","Main",2025,401.149965936881,0.0401149965936881,1.26658569997167,31.5738703109092,8,0.504135300112371,12.5672527214347,2,0.762450399859302,19.0066175894745,6,110,30,32,"Convex","Lower","PA","Allegheny","Harrison Hills Park","Allegheny County",40.648755,"-79.69381167","collected","9/3/2025","Bri, Rosana","No basal area recorded. "
"27","HR-01","HR-1","Main",2025,401.149965936881,0.0401149965936881,1.45047411356057,36.1579019500352,8,0.724832969425217,18.0688777508027,3,0.725641144135354,18.0890241992325,5,100,204,13,"Convex","Middle","OH","Portage","Hiram Biological Field Station","",41.30341833,"-81.11907167","collected","8/29/2025","Bri, Rosana, David, Jessie",""
"28","HR-02","HR-2","Main",2025,401.149965936881,0.0401149965936881,1.49034563672361,37.1518325632391,8,0.649594966964396,16.1933197587908,3,0.84075066975921,20.9585128044483,5,140,238,4,"Convex","Upper","OH","Portage","Hiram Biological Field Station","",41.30309333,"-81.12057667","collected","8/29/2025","Bri, Rosana, David",""
"29","NP-01","NP-1","Main",2025,401.149965936881,0.0401149965936881,1.35935771643034,33.8865220455791,11,0.0706858347057703,1.76208003759104,1,1.28867188172457,32.1244420079881,10,100,221,10,"Other","Lower","PA","Allegheny","North Park","Allegheny County",40.58056667,"-79.98019833","collected","9/2/2025","Bri, Rosana","No basal area recorded. Point on the map shows it's not part of park property, but it is. "
"30","NP-02","NP-2","Main",2025,401.149965936881,0.0401149965936881,2.34487847345411,58.4539118176835,12,0.134614103613669,3.35570522358838,1,2.21026436984045,55.0982065940951,11,150,298,12,"Flat","Upper","PA","Allegheny","North Park","Allegheny County",40.61664833,"-80.01230667","collected","9/2/2025","Bri, Rosana","No basal area recorded. "
"31","NP-03","NP-3","Main",2025,401.149965936881,0.0401149965936881,1.15186416104053,28.7140535672331,6,0.402090872936631,10.023455243167,3,0.749773288103903,18.6905983240661,3,110,310,14,"Convex","Middle","PA","Allegheny","North Park","Allegheny County",40.61717333,"-80.01276167","collected","9/2/2025","Bri, Rosana","No basal area recorded. "
"32","PB-01","PB-1","Main",2025,401.149965936881,0.0401149965936881,1.03620956909128,25.8309773670609,8,0.890172634589158,22.1905200093978,5,0.146036934502122,3.64045735766309,3,110,312,6,"Convex","Middle","OH","Lake","Aborertum/Mike's Plot","Holden",41.6103517,"-81.3063583","collected","7/2/2025","Bri, Rosana","Tree is 315 degrees NW of Mikes plot center."
"33","PC-01","PC-1","Main",2025,401.149965936881,0.0401149965936881,1.62648105657978,40.5454616649698,8,0.00273397100678652,0.0681533401206046,1,1.62374708557299,40.4773083248492,7,NA,305,3,"Concave","Middle","OH","Lake","Pierson Creek","Holden",41.609095,"-81.310405","collected","6/25/2025","Bri, Rosana","No basal area recorded. "
"34","PC-02","PC-2","Main",2025,401.149965936881,0.0401149965936881,1.61337040503818,40.2186349753309,14,0.0471113234332325,1.17440676638734,3,1.56625908160495,39.0442282089435,11,NA,159,5,"Convex","Upper","OH","Lake","Pierson Creek","Holden",41.60884833,"-81.31055833","collected","6/25/2025","Bri, Rosana","No basal area recorded. "
"35","PC-03","PC-3","Main",2025,401.149965936881,0.0401149965936881,2.85091365172374,71.0685253347952,11,0.004185386812745,0.104334716892474,1,2.846728264911,70.9641906179027,10,NA,40,7,"Convex","Upper","OH","Lake","Pierson Creek","Holden",41.6096504,"-81.3097518","collected","6/24/2025","Bri, Rosana","Tree #981; No basal area recorded. "
"36","PC-04","PC-4","Main",2025,401.149965936881,0.0401149965936881,2.33062742377927,58.098656903438,10,0.0109358840271461,0.272613360482418,1,2.31969153975212,57.8260435429556,9,100,317,4,"Concave","Middle","OH","Lake","Pierson Creek","Holden",41.609955,"-81.31006833","collected","6/23/2025","Bri, Rosana","Tree #533"
"37","PC-05","PC-5","Main",2025,401.149965936881,0.0401149965936881,2.2116600223768,55.132997885504,13,0.00301907054009979,0.0752603962722218,1,2.2086409518367,55.0577374892317,12,170,86,2,"Convex","Upper","OH","Lake","Pierson Creek","Holden",41.61168333,"-81.31069833","collected","6/11/2025","Bri, Rosana",""
"38","PC-06","PC-6","Main",2025,401.149965936881,0.0401149965936881,2.02179865575527,50.4000704832015,11,0.00107521008569111,0.0268031952384682,1,2.02072344566958,50.373267287963,10,150,33,5,"Convex","Upper","OH","Lake","Pierson Creek","Holden",41.611225,"-81.31095","collected","6/12/2025","Bri, Rosana","Plot center next to tree #639."
"39","PC-08","PC-8","Main",2025,401.149965936881,0.0401149965936881,0.703502340705506,17.537140731459,7,0.00273397100678652,0.0681533401206046,1,0.70076836969872,17.4689873913384,6,110,13,57,"Concave","Middle","OH","Lake","Pierson Creek","Holden",41.61125,"-81.31015","collected","6/12/2025","Bri, Rosana","Next to tree #704."
"40","PC-09","PC-9","Main",2025,401.149965936881,0.0401149965936881,0.994591320412849,24.7935037982614,12,0.0202711265972881,0.505325397446942,2,0.974320193815561,24.2881784008145,10,80,37,4,"Convex","Upper","OH","Lake","Pierson Creek","Holden",41.61064167,"-81.310815","collected","6/16/2025","Bri, Rosana, David","Tree #743"
"41","PC-10","PC-10","Main",2025,401.149965936881,0.0401149965936881,1.19905807694463,29.8905192262511,7,0,0,0,1.19905807694463,29.8905192262511,7,110,294,6,"Convex","Upper","OH","Lake","Pierson Creek","Holden",41.61055667,"-81.31145667","collected","6/16/2025","Bri, Rosana",""
"42","PC-11","PC-11","Main",2025,401.149965936881,0.0401149965936881,1.4842454491885,36.999765055995,13,0.0137923771474226,0.343820972668181,2,1.47045307204108,36.6559440833268,11,160,34,1,"Flat","Upper","OH","Lake","Pierson Creek","Holden",41.6103619,"-81.3111625","collected","6/17/2025","Bri, Rosana","Next to tree #813."
"43","PC-12","PC-12","Main",2025,401.149965936881,0.0401149965936881,1.80891805436272,45.093311927324,12,0.00693977817177985,0.172997102357272,1,1.80197827619094,44.9203148249667,11,170,106,4,"Flat","Middle","OH","Lake","Pierson Creek","Holden",41.610047,"81.3111793","collected","6/18/2025","Bri, Rosana","Tree #854"
"44","RH-01","RH-1","Main",2025,401.149965936881,0.0401149965936881,1.56948863885284,39.1247356879944,11,1.16985449137132,29.1625225154672,8,0.399634147481523,9.96221317252721,3,170,291,5,"Flat","Upper","PA","Allegheny","Roundhill Park","County",40.24673167,"-79.85237167","collected","9/22/2025","Bri",""
"45","SB-01","SB-1","Main",2025,401.149965936881,0.0401149965936881,0.860687216738891,21.4554976897173,9,0.77610768852262,19.3470710314042,7,0.0845795282162712,2.1084266583131,2,90,222,6,"Convex","Middle","OH","Lake","Stebbins","Holden",41.60458833,"-81.28622667","collected","8/18/2025","Bri, Rosana, David, Kaylin","Red tag SC1-41"
"46","SB-01A","SB-1A","Main",2025,401.149965936881,0.0401149965936881,1.54100695985539,38.4147349048477,5,0.914258440066067,22.7909389928734,3,0.626748519789327,15.6237959119743,2,80,335,11,"Concave","Lower","OH","Lake","Stebbins","Holden",41.60553667,"-81.27627167","collected","8/7/2025","Bri, Rosana, David, Tonya, McKenzie","Tree #922"
"47","SB-01B","SB-1B","Main",2025,401.149965936881,0.0401149965936881,2.20220147229501,54.8972119978072,10,1.82031182551912,45.3773396507166,4,0.381889646775885,9.51987234709061,6,90,320,7,"Convex","Middle","OH","Lake","Stebbins","Holden",41.60525667,"-81.275945","collected","8/8/2025","Bri, Rosana, David, Tonya, McKenzie","Tree #931"
"48","SB-02","SB-2","Main",2025,401.149965936881,0.0401149965936881,1.84653705559313,46.0310909233299,10,0.444891931249138,11.0904142845955,3,1.40164512434399,34.9406766387344,7,140,318,2,"Convex","Upper","OH","Lake","Stebbins","Holden",41.60188,"-81.26927167","collected","8/4/2025","Bri, Rosana","SB1-41; Tree #511"
"49","SB-02A","SB-2A","Main",2025,401.149965936881,0.0401149965936881,0.55250561680153,13.7730440911583,7,0.0229658276959048,0.572499804213329,1,0.529539789105625,13.2005442869449,6,70,294,4,"Flat","Middle","OH","Lake","Stebbins","Holden",41.605635,"-81.276725","collected","8/7/2025","Bri, Rosana, David, Tonya, McKenzie",""
"50","SB-02B","SB-2B","Main",2025,401.149965936881,0.0401149965936881,0.872768996686434,21.7566763254758,5,0.872768996686434,21.7566763254758,5,0,0,0,40,237,12,"Convex","Middle","OH","Lake","Stebbins","Holden",41.60514667,"-81.27644667","collected","8/8/2025","Bri, Rosana, David, Tonya, McKenzie","Tree #910"
"51","SB-03A","SB-3A","Main",2025,401.149965936881,0.0401149965936881,2.06727792180496,51.5337927793876,8,0.90979737849797,22.6797321638343,4,1.15748054330699,28.8540606155533,4,110,265,6,"Flat","Middle","OH","Lake","Stebbins","Holden",41.60531333,"-81.27716667","collected","8/7/2025","Bri, Rosana, David, Tonya, McKenzie",""
"52","SB-03B","SB-3B","Main",2025,401.149965936881,0.0401149965936881,0.755589161503862,18.8355783538257,6,0.638811450180949,15.9245046597228,3,0.116777711322913,2.91107369410291,3,80,275,8,"Flat","Upper","OH","Lake","Stebbins","Holden",41.60488333,"-81.27678667","collected","8/8/2025","Bri, Rosana, David, Tonya, McKenzie","Tree #889"
"53","SC-01","SC-1","Main",2025,401.149965936881,0.0401149965936881,2.06231263461596,51.4100164460803,7,0.0940247265292889,2.34387970866943,1,1.96828790808667,49.0661367374109,6,140,183,1,"Flat","Middle","OH","Lake","Schoop","Holden",41.61198833,"-81.31892","collected","7/2/2025","Bri, Rosana","Tree #2"
"54","SC-03","SC-3","Main",2025,401.149965936881,0.0401149965936881,2.28945449585948,57.0722844388754,9,0.0215701751595475,0.537708512804448,2,2.26788432069994,56.534575926071,7,100,50,1,"Flat","Middle","OH","Lake","Schoop","Holden",41.61254,"-81.32043333","collected","7/1/2025","Bri, Rosana",""
"55","SC-05","SC-5","Main",2025,401.149965936881,0.0401149965936881,1.44347857211919,35.983514762315,11,0.00950331777710912,0.236901871720573,1,1.43397525434208,35.7466128905944,10,90,34,1,"Flat","Middle","OH","Lake","Schoop","Holden",41.612185,"-81.32080333","collected","7/1/2025","Bri, Rosana","Tree #243"
"56","SC-07","SC-7","Main",2025,401.149965936881,0.0401149965936881,1.31919952293767,32.8854452188895,11,0.618364394395059,15.4147936408489,5,0.700835128542608,17.4706515780406,6,100,75,4,"Flat","Middle","OH","Lake","Schoop","Holden",41.612425,"-81.32209833","collected","7/1/2025","Bri, Rosana","Tree #335"
"57","SC-08","SC-8","Main",2025,401.149965936881,0.0401149965936881,1.55452523304379,38.7517229227034,8,0.834762008763305,20.8092254679301,4,0.719763224280487,17.9424974547733,4,150,48,2,"Flat","Upper","OH","Lake","Schoop","Holden",41.61204833,"-81.32259","collected","6/27/2025","Bri, Rosana","Tree #363"
"58","SC-09","SC-9","Main",2025,401.149965936881,0.0401149965936881,0.728113577553729,18.150657843214,7,0.0116898662640076,0.291408880883389,1,0.716423711289721,17.8592489623306,6,120,152,1,"Flat","Middle","OH","Lake","Schoop","Holden",41.61237333,"-81.322735","collected","6/26/2025","Bri, Rosana","Tree #935"
"59","SC-10","SC-10","Main",2025,401.149965936881,0.0401149965936881,1.30860685790793,32.6213877359229,7,0.00188574099031727,0.0470083796695121,1,1.30672111691761,32.5743793562534,6,60,85,1,"Flat","Middle","OH","Lake","Schoop","Holden",41.61233333,"-81.32329","collected","6/26/2025","Bri, Rosana","Next to tree #440"
"60","SP-01","SP-1","Main",2025,401.149965936881,0.0401149965936881,1.62139167648096,40.4185919022633,10,0.473893543830752,11.813376145352,3,1.14749813265021,28.6052157569113,7,130,269,6,"Flat","Middle","PA","Allegheny","Southpark","County",40.32632,"-80.003915","collected","9/22/2025","Bri",""
"61","SP-02","SP-2","Main",2025,401.149965936881,0.0401149965936881,0.686416003660795,17.1112068290391,9,0.154830252339519,3.85966011433942,1,0.531585751321275,13.2515467146997,8,100,264,6,"Flat","Middle","PA","Allegheny","Southpark","County",40.3277879,"-80.00606096","collected","9/23/2025","Bri",""
"62","SP-03","SP-3","Main",2025,401.149965936881,0.0401149965936881,0.50215609674061,12.5179144803822,5,0.192721001334466,4.80421332915655,2,0.309435095406144,7.71370115122562,3,80,225,11,"Convex","Middle","PA","Allegheny","Southpark","County",40.32618167,"-80.00493167","collected","9/22/2025","Bri","No basal area recorded; RAINY DAY"
"63","SV-01","SV-1","Main",2025,401.149965936881,0.0401149965936881,1.4819065334579,36.9414597854178,7,0.292073869004243,7.28091471532618,2,1.18983266445366,29.6605450700916,5,150,156,1,"Flat","Middle","OH","Cuyahoga","Squire Valley","Case Western Reserve",41.49930167,"-81.42102","collected","8/1/2025","Bri, Rosana, Emily, Tonya","Tree #2425"
"64","SV-02","SV-2","Main",2025,401.149965936881,0.0401149965936881,1.27968849753163,31.9005012138774,10,1.08031988614217,26.9305740465189,8,0.199368611389462,4.96992716735845,2,90,146,1,"Flat","Middle","OH","Cuyahoga","Squire Valley","Case Western Reserve",41.499515,"-81.42085333","collected","8/1/2025","Bri, Rosana, Emily, Tonya","Tree #2468"
"65","SV-03","SV-3","Main",2025,401.149965936881,0.0401149965936881,1.65608192796006,41.2833620487117,11,1.3436968770522,33.4961234239173,9,0.312385050907864,7.78723862479442,2,110,64,1,"Flat ","Middle","OH","Cuyahoga","Squire Valley","Case Western Reserve",41.49963,"-81.42043","collected","8/1/2025","Bri, Rosana, Emily, Tonya","Tree #2501"
"66","SV-04","SV-4","Main",2025,401.149965936881,0.0401149965936881,1.2189473743708,30.3863262589083,12,0.206751354125398,5.15396663795129,5,1.0121960202454,25.232359620957,7,70,39,2,"Flat ","Middle","OH","Cuyahoga","Squire Valley","Case Western Reserve",41.49982167,"-81.420045","collected","8/1/2025","Bri, Rosana, Emily, Tonya","Tree #2579"
"67","SV-05","SV-5","Main",2025,401.149965936881,0.0401149965936881,1.61288817056586,40.2066136737411,9,0.459069153496626,11.443828804135,3,1.15381901706923,28.7627848696061,6,110,34,1,"Flat ","Middle","OH","Cuyahoga","Squire Valley","Case Western Reserve",41.4999816,"-81.4211044","collected","8/6/2025","Bri, Rosana, David, Tonya","Tree #2595"
"68","SV-06","SV-6","Main",2025,401.149965936881,0.0401149965936881,0.912455165882907,22.7459863732477,8,0.325586808636412,8.11633643981518,3,0.586868357246495,14.6296499334325,5,130,90,0,"Flat","Middle","OH","Cuyahoga","Squire Valley","Case Western Reserve",41.50017833,"-81.421015","collected","8/6/2025","Bri, Rosana, David, Tonya","Tree #2655"
"69","SV-07","SV-7","Main",2025,401.149965936881,0.0401149965936881,2.61759777551775,65.2523494400501,9,0.0236192789678515,0.588789255227504,2,2.5939784965499,64.6635601848226,7,90,217,0,"Flat ","Middle","OH","Cuyahoga","Squire Valley","Case Western Reserve",41.49978333,"-81.42161333","collected","8/6/2025","Bri, Rosana, David, Tonya","Tree #2749"
"70","SV-08","SV-8","Main",2025,401.149965936881,0.0401149965936881,0.758756672296843,18.9145391181768,14,0.00196349540849362,0.0489466677108622,1,0.75679317688835,18.865592450466,13,140,6,2,"Flat ","Middle","OH","Cuyahoga","Squire Valley","Case Western Reserve",41.50019667,"-81.42168333","collected","8/6/2025","Bri, Rosana, David, Tonya","Near tree #2696"
"71","SV-09","SV-9","Main",2025,401.149965936881,0.0401149965936881,1.23036470747211,30.6709413423134,7,0.208805170322682,5.20516485237685,3,1.02155953714943,25.4657764899366,4,110,112,2,"Flat ","Middle","OH","Cuyahoga","Squire Valley","Case Western Reserve",41.4985217,"-81.42023","collected","7/30/2025","Bri, Rosana","Tree #2767"
"72","SV-10","SV-10","Main",2025,401.149965936881,0.0401149965936881,2.50020902442372,62.3260435429556,15,0.00113411494794592,0.028271595269794,1,2.49907490947577,62.2977719476858,14,150,133,2,"Flat ","Middle","OH","Cuyahoga","Squire Valley","Case Western Reserve",41.49853,"-81.42069167","collected","7/30/2025","Bri, Rosana",""
"73","SV-11","SV-11","Main",2025,401.149965936881,0.0401149965936881,1.96631184630756,49.0168768110267,13,0.00453645979178366,0.113086381079176,1,1.96177538651578,48.9037904299475,12,180,104,1,"Flat ","Upper","OH","Cuyahoga","Squire Valley","Case Western Reserve",41.4980267,"-81.4203767","collected","7/30/2025","Bri, Rosana","Tree #2867"
"74","SV-12","SV-12","Main",2025,401.149965936881,0.0401149965936881,2.00712034947953,50.0341647740622,11,0.00785398163397448,0.195786670843449,1,1.99926636784556,49.8383781032187,10,110,114,2,"Flat ","Upper","OH","Cuyahoga","Squire Valley","Case Western Reserve",41.49805833,"-81.42010833","collected","7/30/2025","Bri, Rosana","Tree #2884"
"75","WVHA-01","WVHA-1","Main",2025,401.149965936881,0.0401149965936881,1.09934144426149,27.4047497846347,18,0.138456271429009,3.45148406296499,6,0.960885172832484,23.9532657216697,12,90,244,5,"Flat ","Middle","WV","Hancock","Tomlinson Run SP","State",40.5450361,"-80.6011173","collected","8/14/2025","Bri, Rosana, David, Tonya",""
"76","WVHA-02","WVHA-2","Main",2025,401.149965936881,0.0401149965936881,1.41521994620015,35.2790743206202,8,1.0875848191536,27.1116767170491,5,0.327635127046553,8.16739760357115,3,80,230,30,"Convex","Upper ","WV","Hancock","Tomlinson Run SP","State",40.54529833,"-80.60145167","collected","8/14/2025","Bri, Rosana, David, Tonya",""
"77","BP-01","BP-1","Subplot",2025,40.7150407905237,0.00407150407905237,0,0,0,0,0,0,0,0,0,100,304,110,"Convex","Middle","PA","Allegheny","Boyce Park","Allegheny County",40.47415,"-79.749535","collected","9/18/2025","Bri, David","No basal area recorded. "
"78","BP-02","BP-2","Subplot",2025,40.7150407905237,0.00407150407905237,0,0,0,0,0,0,0,0,0,120,51,12,"Flat","Lower","PA","Allegheny","Boyce Park","Allegheny County",40.46472667,"-79.74357","collected","9/18/2025","Bri, David","No basal area recorded. "
"79","BW-01","BW-1","Subplot",2025,40.7150407905237,0.00407150407905237,0,0,0,0,0,0,0,0,0,110,119,3,"Concave","Middle","OH","Lake","Bole Woods","Holden",41.611435,"-81.29129","collected","6/10/2025","Bri, Rosana",""
"80","BW-02","BW-2","Subplot",2025,40.7150407905237,0.00407150407905237,0,0,0,0,0,0,0,0,0,140,67,5,"Concave","Middle","OH","Lake","Bole Woods","Holden",41.6114383,"-81.2905383","collected","6/10/2025","Bri, Rosana",""
"81","C-01","C-1","Subplot",2025,40.7150407905237,0.00407150407905237,0.00641748839312055,1.57619598765432,3,0,0,0,0.00641748839312055,1.57619598765432,3,70,218,4,"Convex","Summit","OH","Lake","Upper Baldwin","Holden",41.63092167,"-81.30677333","collected","7/8/2025","Bri, Rosana","Tree #965"
"82","C-02","C-2","Subplot",2025,40.7150407905237,0.00407150407905237,0.000933838416279566,0.229359567901235,3,0,0,0,0.000933838416279566,0.229359567901235,3,110,37,3,"Convex","Upper","OH","Lake","Upper Baldwin","Holden",41.63015167,"-81.30395667","collected","7/7/2025","Bri, Rosana","Tree #659"
"83","C-03","C-3","Subplot",2025,40.7150407905237,0.00407150407905237,0.000660519855417254,0.162229938271605,1,0,0,0,0.000660519855417254,0.162229938271605,1,110,229,13,"Convex","Middle","OH","Lake","Upper Baldwin","Holden",41.6308466,"81.3029844","collected","7/7/2025","Bri, Rosana","Tree #826; S, E, & W microplots are in a floodplain. Floodplain is a quick dropoff ~5m from plot center"
"84","C-04","C-4","Subplot",2025,40.7150407905237,0.00407150407905237,0.0011089822067172,0.272376543209877,2,0,0,0,0.0011089822067172,0.272376543209877,2,110,244,4,"Concave","Middle","OH","Lake","Upper Baldwin","Holden",41.630603,"-81.3019292","collected","7/8/2025","Bri, Rosana","Tree #522"
"85","C-05","C-5","Subplot",2025,40.7150407905237,0.00407150407905237,0.00379582932369987,0.932291666666667,3,0,0,0,0.00379582932369987,0.932291666666667,3,110,166,1,"Flat","Middle","OH","Lake","Upper Baldwin","Holden",41.6305533,"-81.3008515","collected","7/9/2025","Bri, Tonya, Rosana","Tree #697"
"86","C-10","C-10","Subplot",2025,40.7150407905237,0.00407150407905237,0.00309761035643954,0.760802469135802,2,0,0,0,0.00309761035643954,0.760802469135802,2,70,308,5,"Flat","Lower","OH","Lake","Upper Baldwin","Holden",41.63199167,"-81.29686","collected","7/10/2025","Bri, Rosana","No soil sample taken for North plot bc in creek, Tree #666"
"87","C-11","C-11","Subplot",2025,40.7150407905237,0.00407150407905237,0,0,0,0,0,0,0,0,0,120,213,5,"Convex","Upper","OH","Lake","Upper Baldwin","Holden",41.6329262,"-81.2966049","collected","7/10/2025","Bri, Rosana",""
"88","C-12","C-12","Subplot",2025,40.7150407905237,0.00407150407905237,0.0140594125229777,3.453125,5,0,0,0,0.0140594125229777,3.453125,5,200,3,209,"Flat","Upper","OH","Lake","Upper Baldwin","Holden",41.632825,"-81.290965","collected","7/11/2025","Bri, Rosana","Tree #579"
"89","C-13","C-13","Subplot",2025,40.7150407905237,0.00407150407905237,0,0,0,0,0,0,0,0,0,90,237,3,"Flat","Upper","OH","Lake","Upper Baldwin","Holden",41.632825,"81.290965","collected","7/11/2025","Bri, Rosana","Tree #595"
"90","C-14","C-14","Subplot",2025,40.7150407905237,0.00407150407905237,0.0171986489820773,4.2241512345679,13,0.00693977817177985,1.70447530864198,1,0.0102588708102975,2.51967592592593,12,110,14,8,"Convex","Upper","OH","Lake","Upper Baldwin","Holden",41.62782667,"-81.29294667","collected","7/16/2025","Bri, Rosana","Tree #451"
"91","C-15","C-15","Subplot",2025,40.7150407905237,0.00407150407905237,0,0,0,0,0,0,0,0,0,180,339,14,"Convex","Lower","OH","Lake","Upper Baldwin","Holden",41.6263138,"-81.2895232","collected","7/17/2025","Bri, Rosana","Tree #639"
"92","C-16","C-16","Subplot",2025,40.7150407905237,0.00407150407905237,0.0100428863153632,2.46662808641975,4,0,0,0,0.0100428863153632,2.46662808641975,4,160,16,6,"Flat","Summit","OH","Lake","Upper Baldwin","Holden",41.626733,"-81.2904717","collected","7/15/2025","Bri, Rosana","Tree #616"
"93","C-17","C-17","Subplot",2025,40.7150407905237,0.00407150407905237,0.014401846122219,3.5372299382716,9,0.014401846122219,3.5372299382716,9,0,0,0,130,261,8,"Convex","Upper","OH","Lake","Upper Baldwin","Holden",41.6281158,"-81.28594","collected","7/15/2025","Bri, Rosana","Tree #606"
"94","CC-01","CC-1","Subplot",2025,40.7150407905237,0.00407150407905237,0.0197543346057726,4.85185185185185,10,0.00628161451085279,1.54282407407407,3,0.0134727200949198,3.30902777777778,7,130,272,17,"Convex","Upper","OH","Lorain","Chance Creek","Lorain County ",41.36537667,"-82.311475","collected","9/12/2025","Bri, David, Emily, Rosana, Evan, Daniel",""
"95","CC-02","CC-2","Subplot",2025,40.7150407905237,0.00407150407905237,0.0029240373623287,0.718171296296296,4,0.0029240373623287,0.718171296296296,4,0,0,0,140,229,2,"Flat","Middle","OH","Lorain","Chance Creek","Lorain County",41.36574,"-82.31185","collected","9/12/2025","Bri, David, Emily, Rosana, Evan, Daniel",""
"96","DL-01","DL-1","Subplot",2025,40.7150407905237,0.00407150407905237,0.00703481134955094,1.72781635802469,3,0.00441786466911065,1.08506944444444,1,0.0026169466804403,0.642746913580247,2,140,186,2,"Convex","Middle","PA","Allegheny","Deer Lakes Park","Allegheny County",40.61907667,"-79.818065","collected","9/3/2025","Bri, Rosana","No basal area recorded. "
"97","DL-02","DL-2","Subplot",2025,40.7150407905237,0.00407150407905237,0,0,0,0,0,0,0,0,0,100,349,8,"Flat","Middle","PA","Allegheny","Deer Lakes Park","Allegheny County",40.61717,"-79.81747667","collected","9/3/2025","Bri, Rosana","No basal area recorded. "
"98","GW-01","GW-1","Subplot",2025,40.7150407905237,0.00407150407905237,0.018767089114382,4.609375,5,0.00515613894270425,1.26639660493827,2,0.0136109501716778,3.34297839506173,3,120,22,1,"Flat","Lower","OH","Fulton","Goll Woods","Ohio DNR",41.552335,"-84.36059833","collected","10/6/2025","David, Mary",""
"99","HA-01","HA-1","Subplot",2025,40.7150407905237,0.00407150407905237,0,0,0,0,0,0,0,0,0,90,292,8,"Flat","Middle","PA","Allegheny","Hartwood Acres Park","Allegheny County",40.57224,"-79.911905","collected","9/4/2025","Bri, Rosana","Large carving in tree, ""KRD"""
"100","HA-02","HA-2","Subplot",2025,40.7150407905237,0.00407150407905237,0.000191637151868977,0.0470679012345679,2,0,0,0,0.000191637151868977,0.0470679012345679,2,90,289,6,"Convex","Middle","PA","Allegheny","Hartwood Acres Park","Allegheny County",40.56622833,"-79.92155667","collected","9/5/2025","Bri, Rosana",""
"101","HA-03","HA-3","Subplot",2025,40.7150407905237,0.00407150407905237,0.00373928065593525,0.918402777777778,1,0,0,0,0.00373928065593525,0.918402777777778,1,100,305,5,"Flat","Lower","PA","Allegheny","Hartwood Acres Park","Allegheny County",40.57028167,"-79.91906","collected","9/4/2025","Bri, Rosana","Large carving in tree, ""KRD"""
"102","HH-01","HH-1","Subplot",2025,40.7150407905237,0.00407150407905237,0.0145659943383691,3.5775462962963,4,0.0145659943383691,3.5775462962963,4,0,0,0,110,30,32,"Convex","Lower","PA","Allegheny","Harrison Hills Park","Allegheny County",40.648755,"-79.69381167","collected","9/3/2025","Bri, Rosana","No basal area recorded. "
"103","HR-01","HR-1","Subplot",2025,40.7150407905237,0.00407150407905237,0.0123527423139151,3.03395061728395,15,0.0123024768314576,3.0216049382716,14,5.02654824574367e-05,0.0123456790123457,1,100,204,13,"Convex","Middle","OH","Portage","Hiram Biological Field Station","",41.30341833,"-81.11907167","collected","8/29/2025","Bri, Rosana, David, Jessie",""
"104","HR-02","HR-2","Subplot",2025,40.7150407905237,0.00407150407905237,0.0137515364429259,3.37750771604938,5,7.85398163397448e-05,0.0192901234567901,1,0.0136729966265862,3.35821759259259,4,140,238,4,"Convex","Upper","OH","Portage","Hiram Biological Field Station","",41.30309333,"-81.12057667","collected","8/29/2025","Bri, Rosana, David",""
"105","NP-01","NP-1","Subplot",2025,40.7150407905237,0.00407150407905237,0.000754767635024948,0.185378086419753,1,0,0,0,0.000754767635024948,0.185378086419753,1,100,221,10,"Other","Lower","PA","Allegheny","North Park","Allegheny County",40.58056667,"-79.98019833","collected","9/2/2025","Bri, Rosana","No basal area recorded. Point on the map shows it's not part of park property, but it is. "
"106","NP-02","NP-2","Subplot",2025,40.7150407905237,0.00407150407905237,0,0,0,0,0,0,0,0,0,150,298,12,"Flat","Upper","PA","Allegheny","North Park","Allegheny County",40.61664833,"-80.01230667","collected","9/2/2025","Bri, Rosana","No basal area recorded. "
"107","NP-03","NP-3","Subplot",2025,40.7150407905237,0.00407150407905237,0.00282743338823081,0.694444444444444,1,0.00282743338823081,0.694444444444444,1,0,0,0,110,310,14,"Convex","Middle","PA","Allegheny","North Park","Allegheny County",40.61717333,"-80.01276167","collected","9/2/2025","Bri, Rosana","No basal area recorded. "
"108","PB-01","PB-1","Subplot",2025,40.7150407905237,0.00407150407905237,0.0060624884232649,1.48900462962963,4,0.00564701279482765,1.38695987654321,3,0.00041547562843725,0.10204475308642,1,110,312,6,"Convex","Middle","OH","Lake","Aborertum/Mike's Plot","Holden",41.6103517,"-81.3063583","collected","7/2/2025","Bri, Rosana","Tree is 315 degrees NW of Mikes plot center."
"109","PC-01","PC-1","Subplot",2025,40.7150407905237,0.00407150407905237,0,0,0,0,0,0,0,0,0,NA,305,3,"Concave","Middle","OH","Lake","Pierson Creek","Holden",41.609095,"-81.310405","collected","6/25/2025","Bri, Rosana","No basal area recorded. "
"110","PC-02","PC-2","Subplot",2025,40.7150407905237,0.00407150407905237,0.00743772060737384,1.82677469135802,3,0.00253605066961036,0.622878086419753,2,0.00490166993776347,1.20389660493827,1,NA,159,5,"Convex","Upper","OH","Lake","Pierson Creek","Holden",41.60884833,"-81.31055833","collected","6/25/2025","Bri, Rosana","No basal area recorded. "
"111","PC-03","PC-3","Subplot",2025,40.7150407905237,0.00407150407905237,0.00456237793117578,1.12056327160494,4,0.000962112750161874,0.236304012345679,1,0.0036002651810139,0.884259259259259,3,NA,40,7,"Convex","Upper","OH","Lake","Pierson Creek","Holden",41.6096504,"-81.3097518","collected","6/24/2025","Bri, Rosana","Tree #981; No basal area recorded. "
"112","PC-04","PC-4","Subplot",2025,40.7150407905237,0.00407150407905237,0.0168876313093719,4.14776234567901,6,0.0038484510006475,0.945216049382716,1,0.0130391803087244,3.2025462962963,5,100,317,4,"Concave","Middle","OH","Lake","Pierson Creek","Holden",41.609955,"-81.31006833","collected","6/23/2025","Bri, Rosana","Tree #533"
"113","PC-05","PC-5","Subplot",2025,40.7150407905237,0.00407150407905237,0.00122207954224643,0.300154320987654,2,0.00090792027688745,0.222993827160494,1,0.000314159265358979,0.0771604938271605,1,170,86,2,"Convex","Upper","OH","Lake","Pierson Creek","Holden",41.61168333,"-81.31069833","collected","6/11/2025","Bri, Rosana",""
"114","PC-06","PC-6","Subplot",2025,40.7150407905237,0.00407150407905237,0.0119773219918111,2.94174382716049,4,0,0,0,0.0119773219918111,2.94174382716049,4,150,33,5,"Convex","Upper","OH","Lake","Pierson Creek","Holden",41.611225,"-81.31095","collected","6/12/2025","Bri, Rosana","Plot center next to tree #639."
"115","PC-08","PC-8","Subplot",2025,40.7150407905237,0.00407150407905237,0.0112099879861718,2.75327932098765,8,0,0,0,0.0112099879861718,2.75327932098765,8,110,13,57,"Concave","Middle","OH","Lake","Pierson Creek","Holden",41.61125,"-81.31015","collected","6/12/2025","Bri, Rosana","Next to tree #704."
"116","PC-09","PC-9","Subplot",2025,40.7150407905237,0.00407150407905237,0.000314159265358979,0.0771604938271605,1,0.000314159265358979,0.0771604938271605,1,0,0,0,80,37,4,"Convex","Upper","OH","Lake","Pierson Creek","Holden",41.61064167,"-81.310815","collected","6/16/2025","Bri, Rosana, David","Tree #743"
"117","PC-10","PC-10","Subplot",2025,40.7150407905237,0.00407150407905237,0.00736075158736089,1.80787037037037,9,0.000254469004940773,0.0625,1,0.00710628258242011,1.74537037037037,8,110,294,6,"Convex","Upper","OH","Lake","Pierson Creek","Holden",41.61055667,"-81.31145667","collected","6/16/2025","Bri, Rosana",""
"118","PC-11","PC-11","Subplot",2025,40.7150407905237,0.00407150407905237,0.0159930628012622,3.92804783950617,13,0.00132025431267111,0.324266975308642,1,0.0146728084885911,3.60378086419753,12,160,34,1,"Flat","Upper","OH","Lake","Pierson Creek","Holden",41.6103619,"-81.3111625","collected","6/17/2025","Bri, Rosana","Next to tree #813."
"119","PC-12","PC-12","Subplot",2025,40.7150407905237,0.00407150407905237,0.00453017660647648,1.11265432098765,3,0.00090792027688745,0.222993827160494,1,0.00362225632958903,0.889660493827161,2,170,106,4,"Flat","Middle","OH","Lake","Pierson Creek","Holden",41.610047,"81.3111793","collected","6/18/2025","Bri, Rosana","Tree #854"
"120","RH-01","RH-1","Subplot",2025,40.7150407905237,0.00407150407905237,0.0255270111067439,6.26967592592593,13,0.0255270111067439,6.26967592592593,13,0,0,0,170,291,5,"Flat","Upper","PA","Allegheny","Roundhill Park","County",40.24673167,"-79.85237167","collected","9/22/2025","Bri",""
"121","SB-01","SB-1","Subplot",2025,40.7150407905237,0.00407150407905237,0.00921272045665207,2.26273148148148,11,0.00909962312112284,2.2349537037037,10,0.000113097335529233,0.0277777777777778,1,90,222,6,"Convex","Middle","OH","Lake","Stebbins","Holden",41.60458833,"-81.28622667","collected","8/18/2025","Bri, Rosana, David, Kaylin","Red tag SC1-41"
"122","SB-01A","SB-1A","Subplot",2025,40.7150407905237,0.00407150407905237,0.00328139352667454,0.805941358024691,4,0.00328139352667454,0.805941358024691,4,0,0,0,80,335,11,"Concave","Lower","OH","Lake","Stebbins","Holden",41.60553667,"-81.27627167","collected","8/7/2025","Bri, Rosana, David, Tonya, McKenzie","Tree #922"
"123","SB-01B","SB-1B","Subplot",2025,40.7150407905237,0.00407150407905237,0.00286905949089088,0.704668209876543,9,0.00154880517821977,0.380401234567901,2,0.00132025431267111,0.324266975308642,7,90,320,7,"Convex","Middle","OH","Lake","Stebbins","Holden",41.60525667,"-81.275945","collected","8/8/2025","Bri, Rosana, David, Tonya, McKenzie","Tree #931"
"124","SB-02","SB-2","Subplot",2025,40.7150407905237,0.00407150407905237,0.0113325100996618,2.78337191358025,14,0.00813829576912436,1.99884259259259,11,0.00319421433053742,0.784529320987654,3,140,318,2,"Convex","Upper","OH","Lake","Stebbins","Holden",41.60188,"-81.26927167","collected","8/4/2025","Bri, Rosana","SB1-41; Tree #511"
"125","SB-02A","SB-2A","Subplot",2025,40.7150407905237,0.00407150407905237,0.0128467577586921,3.15528549382716,26,0.00426471202724815,1.0474537037037,3,0.00858204573144392,2.10783179012346,23,70,294,4,"Flat","Middle","OH","Lake","Stebbins","Holden",41.605635,"-81.276725","collected","8/7/2025","Bri, Rosana, David, Tonya, McKenzie",""
"126","SB-02B","SB-2B","Subplot",2025,40.7150407905237,0.00407150407905237,0.0102015367443695,2.50559413580247,25,0.00087100656320777,0.213927469135802,2,0.00933053018116169,2.29166666666667,23,40,237,12,"Convex","Middle","OH","Lake","Stebbins","Holden",41.60514667,"-81.27644667","collected","8/8/2025","Bri, Rosana, David, Tonya, McKenzie","Tree #910"
"127","SB-03A","SB-3A","Subplot",2025,40.7150407905237,0.00407150407905237,0.00301435815111941,0.740354938271605,47,0,0,0,0.00301435815111941,0.740354938271605,47,110,265,6,"Flat","Middle","OH","Lake","Stebbins","Holden",41.60531333,"-81.27716667","collected","8/7/2025","Bri, Rosana, David, Tonya, McKenzie",""
"128","SB-03B","SB-3B","Subplot",2025,40.7150407905237,0.00407150407905237,3.8484510006475e-05,0.00945216049382716,1,0,0,0,3.8484510006475e-05,0.00945216049382716,1,80,275,8,"Flat","Upper","OH","Lake","Stebbins","Holden",41.60488333,"-81.27678667","collected","8/8/2025","Bri, Rosana, David, Tonya, McKenzie","Tree #889"
"129","SC-01","SC-1","Subplot",2025,40.7150407905237,0.00407150407905237,0.0129457179272801,3.17959104938272,6,0.0129457179272801,3.17959104938272,6,0,0,0,140,183,1,"Flat","Middle","OH","Lake","Schoop","Holden",41.61198833,"-81.31892","collected","7/2/2025","Bri, Rosana","Tree #2"
"130","SC-03","SC-3","Subplot",2025,40.7150407905237,0.00407150407905237,0.00559674731237022,1.37461419753086,4,0,0,0,0.00559674731237022,1.37461419753086,4,100,50,1,"Flat","Middle","OH","Lake","Schoop","Holden",41.61254,"-81.32043333","collected","7/1/2025","Bri, Rosana",""
"131","SC-05","SC-5","Subplot",2025,40.7150407905237,0.00407150407905237,0.00188574099031727,0.463155864197531,1,0,0,0,0.00188574099031727,0.463155864197531,1,90,34,1,"Flat","Middle","OH","Lake","Schoop","Holden",41.612185,"-81.32080333","collected","7/1/2025","Bri, Rosana","Tree #243"
"132","SC-07","SC-7","Subplot",2025,40.7150407905237,0.00407150407905237,0.00616066319368959,1.51311728395062,6,0.00354607270773948,0.870949074074074,4,0.00261459048595011,0.642168209876543,2,100,75,4,"Flat","Middle","OH","Lake","Schoop","Holden",41.612425,"-81.32209833","collected","7/1/2025","Bri, Rosana","Tree #335"
"133","SC-08","SC-8","Subplot",2025,40.7150407905237,0.00407150407905237,0.00536034246518759,1.31655092592593,4,0,0,0,0.00536034246518759,1.31655092592593,4,150,48,2,"Flat","Upper","OH","Lake","Schoop","Holden",41.61204833,"-81.32259","collected","6/27/2025","Bri, Rosana","Tree #363"
"134","SC-09","SC-9","Subplot",2025,40.7150407905237,0.00407150407905237,0.00352329616100095,0.865354938271605,4,0,0,0,0.00352329616100095,0.865354938271605,4,120,152,1,"Flat","Middle","OH","Lake","Schoop","Holden",41.61237333,"-81.322735","collected","6/26/2025","Bri, Rosana","Tree #935"
"135","SC-10","SC-10","Subplot",2025,40.7150407905237,0.00407150407905237,0.0181796112881607,4.46508487654321,7,0,0,0,0.0181796112881607,4.46508487654321,7,60,85,1,"Flat","Middle","OH","Lake","Schoop","Holden",41.61233333,"-81.32329","collected","6/26/2025","Bri, Rosana","Next to tree #440"
"136","SP-01","SP-1","Subplot",2025,40.7150407905237,0.00407150407905237,0.00369529835878499,0.907600308641975,2,6.36172512351933e-05,0.015625,1,0.0036316811075498,0.891975308641975,1,130,269,6,"Flat","Middle","PA","Allegheny","Southpark","County",40.32632,"-80.003915","collected","9/22/2025","Bri",""
"137","SP-02","SP-2","Subplot",2025,40.7150407905237,0.00407150407905237,0.013540264336972,3.32561728395062,17,0.013540264336972,3.32561728395062,17,0,0,0,100,264,6,"Flat","Middle","PA","Allegheny","Southpark","County",40.3277879,"-80.00606096","collected","9/23/2025","Bri",""
"138","SP-03","SP-3","Subplot",2025,40.7150407905237,0.00407150407905237,0.00746678033941954,1.83391203703704,5,0.00239467900019882,0.588155864197531,3,0.00507210133922072,1.24575617283951,2,80,225,11,"Convex","Middle","PA","Allegheny","Southpark","County",40.32618167,"-80.00493167","collected","9/22/2025","Bri","No basal area recorded; RAINY DAY"
"139","SV-01","SV-1","Subplot",2025,40.7150407905237,0.00407150407905237,0.0128224104156267,3.14930555555555,5,0.0128224104156267,3.14930555555555,5,0,0,0,150,156,1,"Flat","Middle","OH","Cuyahoga","Squire Valley","Case Western Reserve",41.49930167,"-81.42102","collected","8/1/2025","Bri, Rosana, Emily, Tonya","Tree #2425"
"140","SV-02","SV-2","Subplot",2025,40.7150407905237,0.00407150407905237,0.00342119439975928,0.840277777777778,1,0.00342119439975928,0.840277777777778,1,0,0,0,90,146,1,"Flat","Middle","OH","Cuyahoga","Squire Valley","Case Western Reserve",41.499515,"-81.42085333","collected","8/1/2025","Bri, Rosana, Emily, Tonya","Tree #2468"
"141","SV-03","SV-3","Subplot",2025,40.7150407905237,0.00407150407905237,0,0,0,0,0,0,0,0,0,110,64,1,"Flat ","Middle","OH","Cuyahoga","Squire Valley","Case Western Reserve",41.49963,"-81.42043","collected","8/1/2025","Bri, Rosana, Emily, Tonya","Tree #2501"
"142","SV-04","SV-4","Subplot",2025,40.7150407905237,0.00407150407905237,0.0210306066212935,5.16531635802469,3,0.0137923771474226,3.38753858024691,2,0.00723822947387088,1.77777777777778,1,70,39,2,"Flat ","Middle","OH","Cuyahoga","Squire Valley","Case Western Reserve",41.49982167,"-81.420045","collected","8/1/2025","Bri, Rosana, Emily, Tonya","Tree #2579"
"143","SV-05","SV-5","Subplot",2025,40.7150407905237,0.00407150407905237,0.0110450543718583,2.71277006172839,4,0.0110450543718583,2.71277006172839,4,0,0,0,110,34,1,"Flat ","Middle","OH","Cuyahoga","Squire Valley","Case Western Reserve",41.4999816,"-81.4211044","collected","8/6/2025","Bri, Rosana, David, Tonya","Tree #2595"
"144","SV-06","SV-6","Subplot",2025,40.7150407905237,0.00407150407905237,0.0222911706735464,5.47492283950617,9,0.0222911706735464,5.47492283950617,9,0,0,0,130,90,0,"Flat","Middle","OH","Cuyahoga","Squire Valley","Case Western Reserve",41.50017833,"-81.421015","collected","8/6/2025","Bri, Rosana, David, Tonya","Tree #2655"
"145","SV-07","SV-7","Subplot",2025,40.7150407905237,0.00407150407905237,0.00383431383370634,0.941743827160494,2,9.50331777710913e-05,0.0233410493827161,1,0.00373928065593525,0.918402777777778,1,90,217,0,"Flat ","Middle","OH","Cuyahoga","Squire Valley","Case Western Reserve",41.49978333,"-81.42161333","collected","8/6/2025","Bri, Rosana, David, Tonya","Tree #2749"
"146","SV-08","SV-8","Subplot",2025,40.7150407905237,0.00407150407905237,0.0135504745130962,3.328125,5,0,0,0,0.0135504745130962,3.328125,5,140,6,2,"Flat ","Middle","OH","Cuyahoga","Squire Valley","Case Western Reserve",41.50019667,"-81.42168333","collected","8/6/2025","Bri, Rosana, David, Tonya","Near tree #2696"
"147","SV-09","SV-9","Subplot",2025,40.7150407905237,0.00407150407905237,0.00388457931616378,0.954089506172839,3,0,0,0,0.00388457931616378,0.954089506172839,3,110,112,2,"Flat ","Middle","OH","Cuyahoga","Squire Valley","Case Western Reserve",41.4985217,"-81.42023","collected","7/30/2025","Bri, Rosana","Tree #2767"
"148","SV-10","SV-10","Subplot",2025,40.7150407905237,0.00407150407905237,0.00115924768917463,0.284722222222222,2,0.00115924768917463,0.284722222222222,2,0,0,0,150,133,2,"Flat ","Middle","OH","Cuyahoga","Squire Valley","Case Western Reserve",41.49853,"-81.42069167","collected","7/30/2025","Bri, Rosana",""
"149","SV-11","SV-11","Subplot",2025,40.7150407905237,0.00407150407905237,0.00409977841293468,1.00694444444444,2,0.00409977841293468,1.00694444444444,2,0,0,0,180,104,1,"Flat ","Upper","OH","Cuyahoga","Squire Valley","Case Western Reserve",41.4980267,"-81.4203767","collected","7/30/2025","Bri, Rosana","Tree #2867"
"150","SV-12","SV-12","Subplot",2025,40.7150407905237,0.00407150407905237,0.00349502182711864,0.85841049382716,2,0.00349502182711864,0.85841049382716,2,0,0,0,110,114,2,"Flat ","Upper","OH","Cuyahoga","Squire Valley","Case Western Reserve",41.49805833,"-81.42010833","collected","7/30/2025","Bri, Rosana","Tree #2884"
"151","WVHA-01","WVHA-1","Subplot",2025,40.7150407905237,0.00407150407905237,0.00230043122059113,0.565007716049383,3,0.00230043122059113,0.565007716049383,3,0,0,0,90,244,5,"Flat ","Middle","WV","Hancock","Tomlinson Run SP","State",40.5450361,"-80.6011173","collected","8/14/2025","Bri, Rosana, David, Tonya",""
"152","WVHA-02","WVHA-2","Subplot",2025,40.7150407905237,0.00407150407905237,0.0161218681000594,3.95968364197531,10,0.0161218681000594,3.95968364197531,10,0,0,0,80,230,30,"Convex","Upper ","WV","Hancock","Tomlinson Run SP","State",40.54529833,"-80.60145167","collected","8/14/2025","Bri, Rosana, David, Tonya",""
