"","plot_type","plot_id","plot_id_new","date","species","dbh","overall_dieback","percent_bld","comments"
"1","Main","BP-1","BP-01",2025,"FAGR",38.1,2,0,"center tree, old carvings"
"2","Main","BP-1","BP-01",2025,"FAGR",15.3,2,1,""
"3","Main","BP-1","BP-01",2025,"FAGR",18.4,2,1,""
"4","Main","BP-1","BP-01",2025,"FAGR",26.5,2,1,""
"5","Main","BP-2","BP-02",2025,"FAGR",51.3,2,1,"Center tree"
"6","Main","BP-2","BP-02",2025,"FAGR",49.1,2,0,"lots of necrosis, lots of carvings"
"7","Main","BW-1","BW-01",2025,"FAGR",29.1,4,3,""
"8","Main","BW-1","BW-01",2025,"FAGR",16.5,6,4,""
"9","Main","BW-2","BW-02",2025,"FAGR",16.4,4,3,"necrosis present"
"10","Main","BW-2","BW-02",2025,"FAGR",13.7,4,3,""
"11","Main","BW-2","BW-02",2025,"FAGR",20.2,4,3,""
"12","Main","BW-2","BW-02",2025,"FAGR",13.3,4,4,""
"13","Main","BW-2","BW-02",2025,"FAGR",14.8,6,3,""
"14","Main","C-1","C-01",2025,"FAGR",38,5,3,"#965, covered in vitis, second bud break?"
"15","Main","C-1","C-01",2025,"FAGR",15.3,5,3,"covered in vitis"
"16","Main","C-1","C-01",2025,"FAGR",24.7,6,4,"covered in vitis"
"17","Main","C-1","C-01",2025,"FAGR",68.9,3,1,"covered in vitis"
"18","Main","C-1","C-01",2025,"FAGR",26.3,5,4,"covered in vitis"
"19","Main","C-1","C-01",2025,"FAGR",16.3,3,4,""
"20","Main","C-1","C-01",2025,"FAGR",33.6,2,2,""
"21","Main","C-10","C-10",2025,"FAGR",56.3,3,4,"#666"
"22","Main","C-11","C-11",2025,"FAGR",21.3,2,1,"#407"
"23","Main","C-11","C-11",2025,"FAGR",86.9,3,1,""
"24","Main","C-11","C-11",2025,"FAGR",23.6,3,3,""
"25","Main","C-11","C-11",2025,"FAGR",45.6,3,3,""
"26","Main","C-12","C-12",2025,"FAGR",35.3,5,4,"#579; covered in vitis"
"27","Main","C-12","C-12",2025,"FAGR",18.9,5,3,"vitis on top"
"28","Main","C-12","C-12",2025,"FAGR",13.4,5,4,""
"29","Main","C-13","C-13",2025,"FAGR",35.7,3,3,"#595"
"30","Main","C-13","C-13",2025,"FAGR",41.1,3,4,""
"31","Main","C-13","C-13",2025,"FAGR",16.4,5,4,""
"32","Main","C-13","C-13",2025,"FAGR",26,5,3,"second bud break"
"33","Main","C-13","C-13",2025,"FAGR",39.8,4,3,"vitis on top, second bud break"
"34","Main","C-14","C-14",2025,"FAGR",25.3,5,3,"#451"
"35","Main","C-14","C-14",2025,"FAGR",37.8,3,2,"some leaves browning"
"36","Main","C-14","C-14",2025,"FAGR",29.2,3,2,""
"37","Main","C-14","C-14",2025,"FAGR",26.1,3,3,""
"38","Main","C-14","C-14",2025,"FAGR",38.8,3,2,""
"39","Main","C-14","C-14",2025,"FAGR",29.8,3,2,""
"40","Main","C-14","C-14",2025,"FAGR",34.7,3,2,""
"41","Main","C-14","C-14",2025,"FAGR",30.9,2,2,""
"42","Main","C-14","C-14",2025,"FAGR",22.5,4,2,""
"43","Main","C-15","C-15",2025,"FAGR",20.2,5,4,"#639"
"44","Main","C-15","C-15",2025,"FAGR",16.7,5,3,""
"45","Main","C-15","C-15",2025,"FAGR",27.7,3,3,""
"46","Main","C-15","C-15",2025,"FAGR",24.3,5,2,""
"47","Main","C-15","C-15",2025,"FAGR",15.7,4,2,""
"48","Main","C-16","C-16",2025,"FAGR",26.4,3,3,"#616"
"49","Main","C-16","C-16",2025,"FAGR",31.4,4,3,""
"50","Main","C-16","C-16",2025,"FAGR",17.8,5,4,""
"51","Main","C-17","C-17",2025,"FAGR",32,5,4,"#606; white dots on trunk"
"52","Main","C-17","C-17",2025,"FAGR",49.9,5,4,"white dots on trunk"
"53","Main","C-17","C-17",2025,"FAGR",54.7,4,4,""
"54","Main","C-17","C-17",2025,"FAGR",42.8,4,4,""
"55","Main","C-17","C-17",2025,"FAGR",16.4,4,4,""
"56","Main","C-17","C-17",2025,"FAGR",16.3,2,3,""
"57","Main","C-17","C-17",2025,"FAGR",13,5,3,"second bud break"
"58","Main","C-17","C-17",2025,"FAGR",15.4,6,4,""
"59","Main","C-2","C-02",2025,"FAGR",23.7,5,3,""
"60","Main","C-2","C-02",2025,"FAGR",21.1,6,3,""
"61","Main","C-2","C-02",2025,"FAGR",66.7,2,3,""
"62","Main","C-3","C-03",2025,"FAGR",51.6,4,2,"missing tag, should be #826"
"63","Main","C-3","C-03",2025,"FAGR",14.8,5,4,""
"64","Main","C-3","C-03",2025,"FAGR",36,3,3,""
"65","Main","C-4","C-04",2025,"FAGR",39.3,3,2,"#522"
"66","Main","C-4","C-04",2025,"FAGR",24,3,4,""
"67","Main","C-4","C-04",2025,"FAGR",16.6,4,4,""
"68","Main","C-4","C-04",2025,"FAGR",12.7,3,3,""
"69","Main","C-4","C-04",2025,"FAGR",20.4,5,4,""
"70","Main","C-4","C-04",2025,"FAGR",22.3,5,2,""
"71","Main","C-5","C-05",2025,"FAGR",36.7,3,2,"#697; vitis in canopy"
"72","Main","C-5","C-05",2025,"FAGR",53.5,3,3,"vitis"
"73","Main","CC-1","CC-01",2025,"FAGR",51.9,2,1,"center tree"
"74","Main","CC-1","CC-01",2025,"FAGR",43.1,2,1,""
"75","Main","CC-1","CC-01",2025,"FAGR",16.9,3,1,"top missing"
"76","Main","CC-1","CC-01",2025,"FAGR",28.6,2,1,"has woolly aphids"
"77","Main","CC-1","CC-01",2025,"FAGR",37.2,3,1,""
"78","Main","CC-2","CC-02",2025,"FAGR",37.7,3,2,"center tree"
"79","Main","DL-1","DL-01",2025,"FAGR",39.8,3,0,"center tree; producing nuts"
"80","Main","DL-2","DL-02",2025,"FAGR",31.2,3,0,"center tree"
"81","Main","DL-2","DL-02",2025,"FAGR",17,2,0,"keep an eye on some curling & necrosis"
"82","Main","GW-1","GW-01",2025,"FAGR",34.2,2,1,"center tree #1544"
"83","Main","GW-1","GW-01",2025,"FAGR",24,4,1,"beech blight aphids"
"84","Main","GW-1","GW-01",2025,"FAGR",23.3,4,1,"#1545"
"85","Main","GW-1","GW-01",2025,"FAGR",24.3,4,1,""
"86","Main","GW-1","GW-01",2025,"FAGR",34.9,4,1,"#1534"
"87","Main","GW-1","GW-01",2025,"FAGR",41.1,3,1,"#1542"
"88","Main","GW-1","GW-01",2025,"FAGR",21.1,4,2,"#1520"
"89","Main","HA-1","HA-01",2025,"FAGR",43,2,1,""
"90","Main","HA-1","HA-01",2025,"FAGR",29.2,2,1,"carvings"
"91","Main","HA-1","HA-01",2025,"FAGR",14,3,1,""
"92","Main","HA-2","HA-02",2025,"FAGR",36.2,3,1,"center tree"
"93","Main","HA-3","HA-03",2025,"FAGR",62.7,NA,2,"center tree has fallen, root tip up. Still has green leaves producing nuts, yes tree ahd BLD, couldn't do accurate assessement of leaf density & dieback, bottom half leaves looked healthy at 0 but top half looked bad with 4s."
"94","Main","HH-1","HH-01",2025,"FAGR",57.1,3,3,"center tree"
"95","Main","HH-1","HH-01",2025,"FAGR",56.2,3,3,""
"96","Main","HR-1","HR-01",2025,"FAGR",61.8,4,2,"center, producing nuts"
"97","Main","HR-1","HR-01",2025,"FAGR",45.1,5,3,""
"98","Main","HR-1","HR-01",2025,"FAGR",58.1,5,3,""
"99","Main","HR-2","HR-02",2025,"FAGR",50.1,4,2,"plot center; white dots on trunk that are probably scale"
"100","Main","HR-2","HR-02",2025,"FAGR",59.2,3,3,""
"101","Main","HR-2","HR-02",2025,"FAGR",47.5,4,4,"marbling, producing nuts"
"102","Main","NP-1","NP-01",2025,"FAGR",30,2,1,"center tree; producing nuts"
"103","Main","NP-2","NP-02",2025,"FAGR",41.4,2,1,"center tree"
"104","Main","NP-3","NP-03",2025,"FAGR",35.7,5,3,"center tree"
"105","Main","NP-3","NP-03",2025,"FAGR",47.8,4,4,""
"106","Main","NP-3","NP-03",2025,"FAGR",39.5,6,4,""
"107","Main","PB-1","PB-01",2025,"FAGR",44.5,4,4,""
"108","Main","PB-1","PB-01",2025,"FAGR",90.3,3,2,"#PB41"
"109","Main","PB-1","PB-01",2025,"FAGR",15,6,0,"second bud break"
"110","Main","PB-1","PB-01",2025,"FAGR",18.7,5,1,"second bud break"
"111","Main","PB-1","PB-01",2025,"FAGR",25,4,2,"recent light gap changed crown class"
"112","Main","PC-1","PC-01",2025,"FAGR",5.9,3,1,"second bud break"
"113","Main","PC-11","PC-11",2025,"FAGR",2,5,3,""
"114","Main","PC-11","PC-11",2025,"FAGR",13.1,4,3,"#806"
"115","Main","PC-12","PC-12",2025,"FAGR",9.4,3,2,"#854"
"116","Main","PC-2","PC-02",2025,"FAGR",12.4,6,3,"#525"
"117","Main","PC-2","PC-02",2025,"FAGR",12.8,5,3,""
"118","Main","PC-2","PC-02",2025,"FAGR",16.8,5,4,""
"119","Main","PC-3","PC-03",2025,"FAGR",7.3,3,2,"#981, second bud break"
"120","Main","PC-4","PC-04",2025,"FAGR",11.8,5,3,"#533"
"121","Main","PC-5","PC-05",2025,"FAGR",6.2,6,3,"possible second bud break"
"122","Main","PC-6","PC-06",2025,"FAGR",3.7,6,4,""
"123","Main","PC-8","PC-08",2025,"FAGR",5.9,4,2,"second bud break"
"124","Main","PC-9","PC-09",2025,"FAGR",9.3,5,4,"tag no longer on tree"
"125","Main","PC-9","PC-09",2025,"FAGR",13.1,3,3,"#728; topped off"
"126","Main","RH-1","RH-01",2025,"FAGR",58.7,3,0,"Center tree, lots of carvings"
"127","Main","RH-1","RH-01",2025,"FAGR",44.1,2,0,"herbivory"
"128","Main","RH-1","RH-01",2025,"FAGR",48.7,2,0,"carvings in trunk"
"129","Main","RH-1","RH-01",2025,"FAGR",30.7,4,1,""
"130","Main","RH-1","RH-01",2025,"FAGR",41.1,3,0,""
"131","Main","RH-1","RH-01",2025,"FAGR",41.2,3,1,""
"132","Main","RH-1","RH-01",2025,"FAGR",23.6,5,0,""
"133","Main","RH-1","RH-01",2025,"FAGR",47.4,6,0,"frost rib and carvings"
"134","Main","SB-1","SB-01",2025,"FAGR",65.8,3,3,"SC1-41, beech nuts"
"135","Main","SB-1","SB-01",2025,"FAGR",60.6,3,3,"SC1-43, BBD?, beech nuts"
"136","Main","SB-1","SB-01",2025,"FAGR",18,2,3,""
"137","Main","SB-1","SB-01",2025,"FAGR",17.5,4,3,"bent over"
"138","Main","SB-1","SB-01",2025,"FAGR",28.1,3,3,""
"139","Main","SB-1","SB-01",2025,"FAGR",13.2,3,4,"bent over"
"140","Main","SB-1","SB-01",2025,"FAGR",16.9,3,3,""
"141","Main","SB-1A","SB-01A",2025,"FAGR",95.1,2,2,"#922"
"142","Main","SB-1A","SB-01A",2025,"FAGR",48.7,3,3,"#921"
"143","Main","SB-1A","SB-01A",2025,"FAGR",15,3,4,""
"144","Main","SB-1B","SB-01B",2025,"FAGR",90,3,3,"#931"
"145","Main","SB-1B","SB-01B",2025,"FAGR",117,2,1,"very rotted base, healthy canopy"
"146","Main","SB-1B","SB-01B",2025,"FAGR",34.8,4,4,"#933; white dots BBD"
"147","Main","SB-1B","SB-01B",2025,"FAGR",13.3,5,3,"#929 possible second bud break"
"148","Main","SB-2","SB-02",2025,"FAGR",56.6,4,3,"#511; SB1-41"
"149","Main","SB-2","SB-02",2025,"FAGR",45.7,4,3,""
"150","Main","SB-2","SB-02",2025,"FAGR",19.3,5,4,"possible second flush"
"151","Main","SB-2A","SB-02A",2025,"FAGR",17.1,4,4,""
"152","Main","SB-2B","SB-02B",2025,"FAGR",28.7,4,4,"#910"
"153","Main","SB-2B","SB-02B",2025,"FAGR",68,2,4,""
"154","Main","SB-2B","SB-02B",2025,"FAGR",65.5,4,4,""
"155","Main","SB-2B","SB-02B",2025,"FAGR",33.1,4,4,""
"156","Main","SB-2B","SB-02B",2025,"FAGR",16.7,4,3,""
"157","Main","SB-3A","SB-03A",2025,"FAGR",65.2,4,4,""
"158","Main","SB-3A","SB-03A",2025,"FAGR",18.9,4,3,"lots of necrosis"
"159","Main","SB-3A","SB-03A",2025,"FAGR",18.7,4,4,""
"160","Main","SB-3A","SB-03A",2025,"FAGR",81.4,3,2,"second bud break?"
"161","Main","SB-3B","SB-03B",2025,"FAGR",52.4,4,4,"#889; lots of white dots on trunk BBD"
"162","Main","SB-3B","SB-03B",2025,"FAGR",62.8,4,3,"#888"
"163","Main","SB-3B","SB-03B",2025,"FAGR",38,3,3,""
"164","Main","SC-1","SC-01",2025,"FAGR",34.6,3,2,"#2"
"165","Main","SC-10","SC-10",2025,"FAGR",4.9,5,4,""
"166","Main","SC-3","SC-03",2025,"FAGR",5,3,3,""
"167","Main","SC-3","SC-03",2025,"FAGR",15.8,3,3,""
"168","Main","SC-5","SC-05",2025,"FAGR",11,2,2,"#243"
"169","Main","SC-7","SC-07",2025,"FAGR",7.2,4,3,"#335"
"170","Main","SC-7","SC-07",2025,"FAGR",20.6,5,3,"#298; has vitis in canopy"
"171","Main","SC-7","SC-07",2025,"FAGR",75.7,3,2,"#294; vitis in canopy"
"172","Main","SC-7","SC-07",2025,"FAGR",37.6,4,3,"#296; vitis in canopy"
"173","Main","SC-7","SC-07",2025,"FAGR",15.9,5,3,"#297"
"174","Main","SC-8","SC-08",2025,"FAGR",58,3,1,"#363, more BLD than 2024"
"175","Main","SC-8","SC-08",2025,"FAGR",50.6,3,0,"#362"
"176","Main","SC-8","SC-08",2025,"FAGR",56,2,1,""
"177","Main","SC-8","SC-08",2025,"FAGR",39.6,2,1,"#365"
"178","Main","SC-9","SC-09",2025,"FAGR",12.2,5,3,"#935, 2 stemmed, always measured larger stem but it is toped off, 10.4 for small"
"179","Main","SP-1","SP-01",2025,"FAGR",36,2,0,""
"180","Main","SP-1","SP-01",2025,"FAGR",63.4,3,0,""
"181","Main","SP-1","SP-01",2025,"FAGR",26.8,2,0,""
"182","Main","SP-2","SP-02",2025,"FAGR",44.4,2,0,""
"183","Main","SP-3","SP-03",2025,"FAGR",46.6,2,0,"Center tree, producing lots of nuts"
"184","Main","SP-3","SP-03",2025,"FAGR",16.8,2,0,""
"185","Main","SV-1","SV-01",2025,"FAGR",59.4,5,4,"#2425"
"186","Main","SV-1","SV-01",2025,"FAGR",13.8,5,2,""
"187","Main","SV-10","SV-10",2025,"FAGR",3.8,4,3,""
"188","Main","SV-11","SV-11",2025,"FAGR",7.6,6,2,"#2867"
"189","Main","SV-12","SV-12",2025,"FAGR",10,5,3,"#2884"
"190","Main","SV-2","SV-02",2025,"FAGR",12.4,5,2,"#2468"
"191","Main","SV-2","SV-02",2025,"FAGR",48.9,5,3,"#2461"
"192","Main","SV-2","SV-02",2025,"FAGR",20,3,4,"#2462"
"193","Main","SV-2","SV-02",2025,"FAGR",15.5,6,4,"#2469"
"194","Main","SV-2","SV-02",2025,"FAGR",79.4,3,3,"#2475"
"195","Main","SV-2","SV-02",2025,"FAGR",62,3,3,"#2457; fruiting"
"196","Main","SV-2","SV-02",2025,"FAGR",15.2,5,3,"#2458"
"197","Main","SV-2","SV-02",2025,"FAGR",13.8,6,4,"#2459; fruiting"
"198","Main","SV-3","SV-03",2025,"FAGR",38.5,3,2,"#2501"
"199","Main","SV-3","SV-03",2025,"FAGR",33.6,3,2,"#2524"
"200","Main","SV-3","SV-03",2025,"FAGR",30.5,3,3,"#2527"
"201","Main","SV-3","SV-03",2025,"FAGR",29.4,3,3,"#2529"
"202","Main","SV-3","SV-03",2025,"FAGR",23.7,3,4,"#2532"
"203","Main","SV-3","SV-03",2025,"FAGR",28.4,3,2,"2497"
"204","Main","SV-3","SV-03",2025,"FAGR",42.2,3,2,"#2499"
"205","Main","SV-3","SV-03",2025,"FAGR",14.9,4,3,"#2498"
"206","Main","SV-3","SV-03",2025,"FAGR",96.6,3,3,""
"207","Main","SV-4","SV-04",2025,"FAGR",32.4,5,4,"#2579"
"208","Main","SV-4","SV-04",2025,"FAGR",18.3,6,3,"covered in vitis"
"209","Main","SV-4","SV-04",2025,"FAGR",19.3,3,2,""
"210","Main","SV-4","SV-04",2025,"FAGR",25.9,3,2,"#2586"
"211","Main","SV-4","SV-04",2025,"FAGR",14.3,5,4,"#2571; covered in vitis"
"212","Main","SV-5","SV-05",2025,"FAGR",56,3,3,"#2595"
"213","Main","SV-5","SV-05",2025,"FAGR",18.1,5,3,"#2613"
"214","Main","SV-5","SV-05",2025,"FAGR",48.8,4,3,"#2625"
"215","Main","SV-6","SV-06",2025,"FAGR",39,4,4,"#2655; second flush"
"216","Main","SV-6","SV-06",2025,"FAGR",16.5,4,4,"#2653"
"217","Main","SV-6","SV-06",2025,"FAGR",48.5,3,4,"#2664"
"218","Main","SV-7","SV-07",2025,"FAGR",11.7,5,3,"#2749"
"219","Main","SV-7","SV-07",2025,"FAGR",12.8,3,2,"#2723"
"220","Main","SV-8","SV-08",2025,"FAGR",5,3,1,""
"221","Main","SV-9","SV-09",2025,"FAGR",24.1,3,3,"#2767"
"222","Main","SV-9","SV-09",2025,"FAGR",21.3,5,3,"#2781"
"223","Main","SV-9","SV-09",2025,"FAGR",40.3,3,1,"#2770"
"224","Main","WVHA-01","WVHA-01",2025,"FAGR",15.3,3,1,"center tree"
"225","Main","WVHA-01","WVHA-01",2025,"FAGR",15.8,3,3,"#1680"
"226","Main","WVHA-01","WVHA-01",2025,"FAGR",19.6,4,2,"#1682"
"227","Main","WVHA-01","WVHA-01",2025,"FAGR",14.3,3,2,""
"228","Main","WVHA-01","WVHA-01",2025,"FAGR",22.3,3,1,"#1687"
"229","Main","WVHA-01","WVHA-01",2025,"FAGR",13.9,4,3,"#1679"
"230","Main","WVHA-02","WVHA-02",2025,"FAGR",80.3,2,3,"#1007"
"231","Main","WVHA-02","WVHA-02",2025,"FAGR",19.9,3,4,"#1006"
"232","Main","WVHA-02","WVHA-02",2025,"FAGR",25.7,4,2,"#1009"
"233","Main","WVHA-02","WVHA-02",2025,"FAGR",78.1,3,4,"#1001"
"234","Main","WVHA-02","WVHA-02",2025,"FAGR",15.6,4,3,"#734"
"235","Subplot","C-14","C-14",2025,"FAGR",9.4,6,3,""
"236","Subplot","C-17","C-17",2025,"FAGR",7.5,6,4,"attached"
"237","Subplot","C-17","C-17",2025,"FAGR",1.7,6,3,"attached"
"238","Subplot","C-17","C-17",2025,"FAGR",1.8,6,3,""
"239","Subplot","C-17","C-17",2025,"FAGR",7.3,6,3,""
"240","Subplot","C-17","C-17",2025,"FAGR",2.5,6,1,""
"241","Subplot","C-17","C-17",2025,"FAGR",6.4,6,2,""
"242","Subplot","C-17","C-17",2025,"FAGR",1,5,3,""
"243","Subplot","C-17","C-17",2025,"FAGR",1,6,3,"sprout from root"
"244","Subplot","C-17","C-17",2025,"FAGR",4.3,5,4,""
"245","Subplot","CC-1","CC-01",2025,"FAGR",4.6,2,1,""
"246","Subplot","CC-1","CC-01",2025,"FAGR",5.9,6,1,""
"247","Subplot","CC-1","CC-01",2025,"FAGR",4.9,3,2,""
"248","Subplot","CC-2","CC-02",2025,"FAGR",2.3,4,3,""
"249","Subplot","CC-2","CC-02",2025,"FAGR",4.3,6,3,""
"250","Subplot","CC-2","CC-02",2025,"FAGR",3.3,5,3,""
"251","Subplot","CC-2","CC-02",2025,"FAGR",1.6,5,2,""
"252","Subplot","DL-1","DL-01",2025,"FAGR",7.5,2,NA,""
"253","Subplot","GW-1","GW-01",2025,"FAGR",7.4,3,1,""
"254","Subplot","GW-1","GW-01",2025,"FAGR",3.3,3,1,""
"255","Subplot","HH-1","HH-01",2025,"FAGR",7.7,5,3,""
"256","Subplot","HH-1","HH-01",2025,"FAGR",8,5,3,""
"257","Subplot","HH-1","HH-01",2025,"FAGR",7.6,5,3,""
"258","Subplot","HH-1","HH-01",2025,"FAGR",2.1,6,3,"lots of necrosis and dead leaves"
"259","Subplot","HR-1","HR-01",2025,"FAGR",3.3,6,1,""
"260","Subplot","HR-1","HR-01",2025,"FAGR",0.5,5,2,""
"261","Subplot","HR-1","HR-01",2025,"FAGR",0.4,5,2,""
"262","Subplot","HR-1","HR-01",2025,"FAGR",11.2,5,2,""
"263","Subplot","HR-1","HR-01",2025,"FAGR",2.5,5,1,""
"264","Subplot","HR-1","HR-01",2025,"FAGR",1,6,4,""
"265","Subplot","HR-1","HR-01",2025,"FAGR",0.5,5,2,""
"266","Subplot","HR-1","HR-01",2025,"FAGR",1.1,4,1,""
"267","Subplot","HR-1","HR-01",2025,"FAGR",0.8,6,1,""
"268","Subplot","HR-1","HR-01",2025,"FAGR",0.4,6,4,""
"269","Subplot","HR-1","HR-01",2025,"FAGR",1.1,5,1,""
"270","Subplot","HR-1","HR-01",2025,"FAGR",1.1,6,2,""
"271","Subplot","HR-1","HR-01",2025,"FAGR",2.6,5,1,"producing nuts"
"272","Subplot","HR-1","HR-01",2025,"FAGR",1.1,6,4,""
"273","Subplot","HR-2","HR-02",2025,"FAGR",1,6,2,""
"274","Subplot","NP-3","NP-03",2025,"FAGR",6,5,4,"measured live thick stem"
"275","Subplot","PB-1","PB-01",2025,"FAGR",4.3,5,4,"FAGR attached"
"276","Subplot","PB-1","PB-01",2025,"FAGR",7,5,3,""
"277","Subplot","PB-1","PB-01",2025,"FAGR",2.1,6,4,""
"278","Subplot","PC-10","PC-10",2025,"FAGR",1.8,4,1,""
"279","Subplot","PC-11","PC-11",2025,"FAGR",4.1,5,1,""
"280","Subplot","PC-12","PC-12",2025,"FAGR",3.4,4,4,""
"281","Subplot","PC-2","PC-02",2025,"FAGR",2.7,4,2,"bent in half, alive, probable second bud break "
"282","Subplot","PC-2","PC-02",2025,"FAGR",5,4,4,"top snapped off"
"283","Subplot","PC-3","PC-03",2025,"FAGR",3.5,4,4,""
"284","Subplot","PC-4","PC-04",2025,"FAGR",7,5,3,"second bud break?"
"285","Subplot","PC-5","PC-05",2025,"FAGR",3.4,6,4,""
"286","Subplot","PC-9","PC-09",2025,"FAGR",2,6,2,"possible second bud break"
"287","Subplot","RH-1","RH-01",2025,"FAGR",9.6,2,0,""
"288","Subplot","RH-1","RH-01",2025,"FAGR",5.2,3,1,""
"289","Subplot","RH-1","RH-01",2025,"FAGR",6.7,2,0,"leaf herbivory"
"290","Subplot","RH-1","RH-01",2025,"FAGR",5.4,3,0,""
"291","Subplot","RH-1","RH-01",2025,"FAGR",7.3,2,1,""
"292","Subplot","RH-1","RH-01",2025,"FAGR",1.8,4,0,""
"293","Subplot","RH-1","RH-01",2025,"FAGR",2.7,3,0,""
"294","Subplot","RH-1","RH-01",2025,"FAGR",1.9,6,0,""
"295","Subplot","RH-1","RH-01",2025,"FAGR",2.2,4,0,""
"296","Subplot","RH-1","RH-01",2025,"FAGR",2.6,3,0,""
"297","Subplot","RH-1","RH-01",2025,"FAGR",1.6,3,0,""
"298","Subplot","RH-1","RH-01",2025,"FAGR",5.3,3,0,""
"299","Subplot","RH-1","RH-01",2025,"FAGR",4.7,2,0,"Necrosis on leaves"
"300","Subplot","SB-1","SB-01",2025,"FAGR",1.8,3,4,""
"301","Subplot","SB-1","SB-01",2025,"FAGR",1.8,3,4,"SC1-36"
"302","Subplot","SB-1","SB-01",2025,"FAGR",0.9,4,4,"SC1-1"
"303","Subplot","SB-1","SB-01",2025,"FAGR",10.1,3,3,""
"304","Subplot","SB-1","SB-01",2025,"FAGR",0.9,5,4,""
"305","Subplot","SB-1","SB-01",2025,"FAGR",0.5,4,4,""
"306","Subplot","SB-1","SB-01",2025,"FAGR",0.6,4,4,""
"307","Subplot","SB-1","SB-01",2025,"FAGR",0.8,5,3,"measure live leader"
"308","Subplot","SB-1","SB-01",2025,"FAGR",1.5,3,4,""
"309","Subplot","SB-1","SB-01",2025,"FAGR",1.5,4,4,"bent in half, DBH from live leader"
"310","Subplot","SB-1A","SB-01A",2025,"FAGR",2.7,5,3,""
"311","Subplot","SB-1A","SB-01A",2025,"FAGR",4.3,4,4,""
"312","Subplot","SB-1A","SB-01A",2025,"FAGR",3.2,4,4,""
"313","Subplot","SB-1A","SB-01A",2025,"FAGR",2.4,5,4,"broken main trunk"
"314","Subplot","SB-1B","SB-01B",2025,"FAGR",2.6,5,3,""
"315","Subplot","SB-1B","SB-01B",2025,"FAGR",3.6,6,4,""
"316","Subplot","SB-2","SB-02",2025,"FAGR",6.5,5,4,""
"317","Subplot","SB-2","SB-02",2025,"FAGR",1.1,5,2,""
"318","Subplot","SB-2","SB-02",2025,"FAGR",1,4,2,""
"319","Subplot","SB-2","SB-02",2025,"FAGR",1.2,4,2,""
"320","Subplot","SB-2","SB-02",2025,"FAGR",4.7,4,2,""
"321","Subplot","SB-2","SB-02",2025,"FAGR",4.9,5,4,""
"322","Subplot","SB-2","SB-02",2025,"FAGR",1.7,4,3,""
"323","Subplot","SB-2","SB-02",2025,"FAGR",1.8,6,4,""
"324","Subplot","SB-2","SB-02",2025,"FAGR",1.4,4,3,""
"325","Subplot","SB-2","SB-02",2025,"FAGR",1.7,4,1,""
"326","Subplot","SB-2","SB-02",2025,"FAGR",0.8,4,3,""
"327","Subplot","SB-2A","SB-02A",2025,"FAGR",2.6,6,1,""
"328","Subplot","SB-2A","SB-02A",2025,"FAGR",6.5,6,4,"main trunk snapped"
"329","Subplot","SB-2A","SB-02A",2025,"FAGR",2.3,4,4,""
"330","Subplot","SB-2B","SB-02B",2025,"FAGR",2.2,6,4,"4"
"331","Subplot","SB-2B","SB-02B",2025,"FAGR",2.5,6,3,""
"332","Subplot","SC-1","SC-01",2025,"FAGR",1,4,4,""
"333","Subplot","SC-1","SC-01",2025,"FAGR",3.6,4,3,""
"334","Subplot","SC-1","SC-01",2025,"FAGR",5.5,3,4,""
"335","Subplot","SC-1","SC-01",2025,"FAGR",10.9,3,3,""
"336","Subplot","SC-1","SC-01",2025,"FAGR",0.9,2,4,""
"337","Subplot","SC-1","SC-01",2025,"FAGR",1,3,4,""
"338","Subplot","SC-7","SC-07",2025,"FAGR",1.3,5,4,""
"339","Subplot","SC-7","SC-07",2025,"FAGR",2.4,4,2,""
"340","Subplot","SC-7","SC-07",2025,"FAGR",4.9,5,1,""
"341","Subplot","SC-7","SC-07",2025,"FAGR",3.7,6,2,""
"342","Subplot","SP-1","SP-01",2025,"FAGR",0.9,2,0,""
"343","Subplot","SP-2","SP-02",2025,"FAGR",9.7,2,0,""
"344","Subplot","SP-2","SP-02",2025,"FAGR",1.8,5,0,""
"345","Subplot","SP-2","SP-02",2025,"FAGR",1.9,3,0,""
"346","Subplot","SP-2","SP-02",2025,"FAGR",1.2,3,0,""
"347","Subplot","SP-2","SP-02",2025,"FAGR",1,4,0,""
"348","Subplot","SP-2","SP-02",2025,"FAGR",1.2,2,0,""
"349","Subplot","SP-2","SP-02",2025,"FAGR",2.2,4,0,""
"350","Subplot","SP-2","SP-02",2025,"FAGR",1.2,3,0,""
"351","Subplot","SP-2","SP-02",2025,"FAGR",1.4,2,0,""
"352","Subplot","SP-2","SP-02",2025,"FAGR",2.4,3,0,""
"353","Subplot","SP-2","SP-02",2025,"FAGR",5.2,4,0,"herbivory on many leaves"
"354","Subplot","SP-2","SP-02",2025,"FAGR",3.5,3,0,""
"355","Subplot","SP-2","SP-02",2025,"FAGR",1.7,4,0,""
"356","Subplot","SP-2","SP-02",2025,"FAGR",2.1,3,0,""
"357","Subplot","SP-2","SP-02",2025,"FAGR",1.3,1,0,""
"358","Subplot","SP-2","SP-02",2025,"FAGR",1.9,2,0,""
"359","Subplot","SP-2","SP-02",2025,"FAGR",1.3,2,0,""
"360","Subplot","SP-3","SP-03",2025,"FAGR",1.8,3,0,""
"361","Subplot","SP-3","SP-03",2025,"FAGR",1.8,3,0,""
"362","Subplot","SP-3","SP-03",2025,"FAGR",4.9,4,0,"Necrosis on leaves"
"363","Subplot","SV-1","SV-01",2025,"FAGR",1.2,6,4,"few leaves"
"364","Subplot","SV-1","SV-01",2025,"FAGR",7.1,5,3,"#2427"
"365","Subplot","SV-1","SV-01",2025,"FAGR",5.7,5,3,"FAGR"
"366","Subplot","SV-1","SV-01",2025,"FAGR",4.6,6,4,""
"367","Subplot","SV-1","SV-01",2025,"FAGR",7.6,6,4,"#2424"
"368","Subplot","SV-10","SV-10",2025,"FAGR",3,5,2,""
"369","Subplot","SV-10","SV-10",2025,"FAGR",2.4,5,1,""
"370","Subplot","SV-11","SV-11",2025,"FAGR",4.8,4,3,""
"371","Subplot","SV-11","SV-11",2025,"FAGR",5.4,4,4,""
"372","Subplot","SV-12","SV-12",2025,"FAGR",5.1,5,3,""
"373","Subplot","SV-12","SV-12",2025,"FAGR",4.3,5,2,""
"374","Subplot","SV-2","SV-02",2025,"FAGR",6.6,6,4,"#2467"
"375","Subplot","SV-4","SV-04",2025,"FAGR",4.4,3,4,""
"376","Subplot","SV-4","SV-04",2025,"FAGR",12.5,5,4,"#2580; bent almost to ground"
"377","Subplot","SV-5","SV-05",2025,"FAGR",2.5,4,3,""
"378","Subplot","SV-5","SV-05",2025,"FAGR",7.8,5,3,"#2597"
"379","Subplot","SV-5","SV-05",2025,"FAGR",4.5,5,2,""
"380","Subplot","SV-5","SV-05",2025,"FAGR",7.3,5,4,"#2596"
"381","Subplot","SV-6","SV-06",2025,"FAGR",4.1,4,2,""
"382","Subplot","SV-6","SV-06",2025,"FAGR",7.5,4,4,"#2654"
"383","Subplot","SV-6","SV-06",2025,"FAGR",4.9,4,2,"second flush"
"384","Subplot","SV-6","SV-06",2025,"FAGR",3.7,3,2,"second flush"
"385","Subplot","SV-6","SV-06",2025,"FAGR",7.2,6,4,"#2673"
"386","Subplot","SV-6","SV-06",2025,"FAGR",5.9,4,4,"#2669"
"387","Subplot","SV-6","SV-06",2025,"FAGR",7.1,4,4,"#2668"
"388","Subplot","SV-6","SV-06",2025,"FAGR",4.8,4,3,""
"389","Subplot","SV-6","SV-06",2025,"FAGR",3.6,4,2,"second flush"
"390","Subplot","SV-7","SV-07",2025,"FAGR",1.1,4,4,"second bud break"
"391","Subplot","WVHA-01","WVHA-01",2025,"FAGR",2,4,2,""
"392","Subplot","WVHA-01","WVHA-01",2025,"FAGR",1.5,6,3,""
"393","Subplot","WVHA-01","WVHA-01",2025,"FAGR",4.8,5,3,""
"394","Subplot","WVHA-02","WVHA-02",2025,"FAGR",1.5,6,4,""
"395","Subplot","WVHA-02","WVHA-02",2025,"FAGR",1.9,6,1,""
"396","Subplot","WVHA-02","WVHA-02",2025,"FAGR",3.9,6,2,""
"397","Subplot","WVHA-02","WVHA-02",2025,"FAGR",2,5,4,""
"398","Subplot","WVHA-02","WVHA-02",2025,"FAGR",4.9,3,3,""
"399","Subplot","WVHA-02","WVHA-02",2025,"FAGR",2.5,5,3,""
"400","Subplot","WVHA-02","WVHA-02",2025,"FAGR",3.1,5,3,""
"401","Subplot","WVHA-02","WVHA-02",2025,"FAGR",11.4,3,3,""
"402","Subplot","WVHA-02","WVHA-02",2025,"FAGR",2.9,4,4,""
"403","Subplot","WVHA-02","WVHA-02",2025,"FAGR",1.4,6,4,""
